Barcode,immune
AACACCTACTATCGAA-1,
AACACGTGCATCGCAC-1,
AACACTTGGCAAGGAA-1,
AACAGGAAGAGCATAG-1,
AACAGGCCAACGATTA-1,
AACAGGTTATTGCACC-1,
AACAGTCAGGCTCCGC-1,
AACAGTCCACGCGGTG-1,
AACAGTCGTGTCGCGG-1,
AACATACTCATATGCG-1,
AACATAGTCTATCTAC-1,
AACATATTCTTGCGAA-1,
AACATCGCGTGACCAC-1,
AACATCTAATGACCGG-1,
AACATCTTAAGGCTCA-1,
AACATGACGCAGCGTG-1,
AACATGACTTGGCTGC-1,
AACATGCGCAAGTGAG-1,
AACCAAGCGTGGCCTC-1,
AACCAAGGTATCAGGC-1,
AACCAATCTGGTTGGC-1,
AACCACTAACATGATT-1,
AACCACTGCCATAGCC-1,
AACCAGAATCAGACGT-1,
AACCATCGGAAGCGAC-1,
AACCATGAATTGCCTT-1,
AACCGCATGTATGTTA-1,
AACCGCCAGACTACTT-1,
AACCGCGGTAACTACA-1,
AACCGTGCTTATGTTG-1,
AACCTAAGATACTGAG-1,
AACCTACAGAGGTAGT-1,
AACCTACCTACCGGTT-1,
AACCTACTGTAACTCA-1,
AACCTGACAGTGCCGC-1,
AACCTTAGCGTCCGGT-1,
AACGAAGCGTGGAAGT-1,
AACGAATTGACCGGTT-1,
AACGACATTAAGATGG-1,low
AACGACCATTCGAATC-1,
AACGAGCCTCTTCGGC-1,
AACGAGCTAATAACTA-1,
AACGCACTGGTGCTCG-1,
AACGCATGCCTCAATA-1,
AACGCTTCGAGTAACT-1,
AACGGCACAGAATATT-1,
AACGGTAATCGACCTG-1,
AACGTCGCGACAAGGT-1,low
AACTAACGAACTAGAT-1,
AACTAGCACTGTTCGA-1,
AACTAGCATCACGTAC-1,
AACTAGCCTAATAGCA-1,
AACTAGCCTTGCAATA-1,
AACTAGCGCTCCAGTT-1,
AACTAGGCCTGACACC-1,
AACTATCGTCATAGTC-1,
AACTATCTAGCAGTAT-1,
AACTATGCTGCATTCG-1,
AACTATGTGCTTGTTA-1,
AACTATTCTGCGGCCT-1,
AACTATTGGCGGATTC-1,
AACTCAACCTTGACCA-1,
AACTCAACTTGACAGC-1,
AACTCACCGAACTTAT-1,
AACTCACCTCGGTGTT-1,
AACTCACGGAGTACGT-1,low
AACTCAGATCCATGCC-1,low
AACTGCAACGTCCTGG-1,low
AACTGCAATACGGATT-1,
AACTGCCGGAGTAACA-1,
AACTGCCTCGATAGGT-1,
AACTGCGAACCTTACC-1,
AACTGCGATCGACTAA-1,
AACTGCGATGAATAGG-1,low
AACTGCGGTCCGAAGC-1,low
AACTGCTACCTCGATA-1,
AACTGGATACTTCACT-1,
AACTGGTCATGTGGTT-1,
AACTTAACAGTGAGGA-1,
AACTTATGATACGTAC-1,
AACTTCAAGGATAATC-1,
AACTTCACAATAACTG-1,
AACTTCAGATACTACC-1,
AACTTCAGCATGGCCG-1,
AACTTCATCTTCTGGT-1,
AACTTCGCTTAGTCAG-1,
AACTTGCAACTTGGAC-1,
AACTTGCTCGTAACCG-1,
AACTTGGTTAATACTA-1,
AACTTGGTTACATAAC-1,
AACTTGTTGACCGATA-1,
AAGAATTCTGGCTGCA-1,
AAGACAATCTCCTGCA-1,
AAGACTCAAGGCTCCA-1,
AAGACTGCTACTTCCT-1,low
AAGACTGTCATAGTGC-1,
AAGAGCAGATGTGCCA-1,
AAGATACAGGCGAACG-1,
AAGATAGGCTTGCTTA-1,
AAGATAGTCGACCTTG-1,
AAGATATTGGACGTCC-1,
AAGATCTGTAACTTGT-1,
AAGATGAAGGTCATCG-1,
AAGATGCACTATACTT-1,
AAGATGGCCGCTAGTT-1,
AAGATTAGGCTGTCTA-1,
AAGATTATCTAGCATA-1,low
AAGATTCTGGTCGCGA-1,
AAGATTGACACTCGAT-1,low
AAGCAAGAGCGTGATC-1,low
AAGCACTCAGGAATGT-1,
AAGCAGCGGACACGTG-1,low
AAGCAGTATCAGAATC-1,
AAGCAGTGAGTGCGAC-1,
AAGCAGTGGCATCACT-1,
AAGCAGTGGCTCATCC-1,
AAGCAGTGTACACCGC-1,
AAGCAGTGTAGAATCT-1,
AAGCATCAAGCGTGAT-1,
AAGCATTGAGTGGTTG-1,low
AAGCCACCATTCAAGA-1,
AAGCCACTATGTCTAA-1,
AAGCCAGATATCAGAA-1,
AAGCCAGATCCAACAT-1,
AAGCCAGGCCGACGTG-1,low
AAGCCAGGCTGCTTGA-1,
AAGCCAGGTTACGAAC-1,
AAGCCATCCGTGCTAT-1,
AAGCCATCGCGATATG-1,
AAGCCATTATCGAAGG-1,
AAGCCATTATCTGCCA-1,
AAGCCGGTTACAAGGC-1,
AAGCGACGAACCGCCT-1,
AAGCGAGCCGTCCGCT-1,
AAGCGAGGAAGTGAAC-1,
AAGCGTTCGTCTGTCC-1,
AAGGACATAACCGCAC-1,
AAGGACCAACATGGCT-1,
AAGGACCTGCAAGCAT-1,
AAGGAGGCACTCAATT-1,
AAGGAGTGGCTACCAA-1,
AAGGCAGTCTGATCAC-1,
AAGGCATGAACAGCTC-1,low
AAGGCCAATTCAATAA-1,
AAGGCCAGCAATCGCC-1,
AAGGCCAGTCGCAATT-1,
AAGGCCGACCTACCTG-1,
AAGGCCGACTATGTAA-1,low
AAGGCCGATTCTGAGC-1,low
AAGGCCTCGCGAGGAA-1,
AAGGCGAACTAGTAGA-1,low
AAGGCGACGGTGTCGG-1,
AAGGCGAGGTTCATGT-1,
AAGGCGCCGACAATCT-1,
AAGGCGCCTAACATAG-1,
AAGGTGATCCGTGACG-1,
AAGGTGCCGCTAAGGT-1,
AAGGTGGATATGATCG-1,
AAGGTTACTATGACGC-1,
AAGGTTCATGCGGTGC-1,
AAGGTTGCAGAAGCAG-1,
AAGGTTGCTGAGTTGA-1,
AAGTACTAAGGTTACG-1,
AAGTACTACAGTAGAA-1,
AAGTATTGTAGGTCGC-1,
AAGTCGCTATCCTGTC-1,
AAGTCGGACACTTCAG-1,
AAGTCTACCGGTTGGA-1,
AAGTCTACGCACTCGG-1,
AAGTCTGTCAATTCTT-1,
AAGTCTTAAGTTGCCA-1,
AAGTCTTAATAGAACT-1,
AAGTGAGCCTGTTACA-1,
AAGTGATCCACGAGCG-1,low
AAGTGGACGAATCTAC-1,
AAGTGGCGAAGTTAAT-1,
AAGTGGCGAGTGTACA-1,
AAGTGGTTCCTCGCGT-1,
AAGTTAAGCACTATAA-1,
AAGTTACTATTACATC-1,
AAGTTCCTATTGCTGG-1,
AATAACATGTTACGTC-1,
AATAACGTAACTGTGA-1,
AATAACGTATTGAACA-1,
AATAACTCTAATACAG-1,
AATAACTCTACGATGT-1,
AATAACTTCATACGGA-1,
AATACAATGCGAGCAG-1,
AATACGAGCAAGCCAG-1,
AATACGCATATCCAGA-1,
AATACGGTACGGCCTA-1,low
AATACGTAGACAGTTA-1,
AATACTAACCACTTAT-1,
AATAGATAGCCTAACC-1,low
AATAGCACGGAAGCGA-1,
AATAGTATAGTTGTCG-1,
AATAGTCGTTATCTAG-1,
AATAGTCTGGAACAAT-1,
AATAGTGCTCATAGAA-1,
AATAGTGGAAGAGCAT-1,
AATAGTTGGTGCTCAG-1,low
AATATTAGGCTTCTGG-1,
AATCCGACCACGGTCC-1,
AATCCGCCGACCTGAG-1,
AATCCGCCTGGTCAAT-1,
AATCCGGAGCTTGTCT-1,
AATCCTCGTCACAGGC-1,
AATCGAACGGACGGAG-1,
AATCGAATGTAACAGT-1,
AATCGACTATCGCTAG-1,
AATCGGCGCCAACGGT-1,
AATCTATCTAACCGAG-1,low
AATCTGCGAGACGTTC-1,
AATCTGCGTTCCTTAC-1,
AATCTTAGCCTCTGTC-1,
AATGAACTACGTCCAG-1,
AATGAAGACGGTTCAG-1,
AATGAAGAGGATGTAT-1,
AATGAATCGGAAGGCA-1,
AATGATCTTGACAGCG-1,
AATGATTACAACCTAA-1,
AATGCAATCACTGTCG-1,
AATGCCGACGAGCAAC-1,
AATGCCGCGATTGAGC-1,
AATGCGAACCTCGCGT-1,
AATGGACATCCTACTC-1,low
AATGGAGGACCTGGTG-1,low
AATGGCATAGTATCAT-1,
AATGGTCGAACGTGAA-1,low
AATGGTCGATACTCGG-1,
AATGGTCTCGAGCGCT-1,
AATGGTGCGTCCTAAC-1,
AATGGTTATTCTAGCT-1,
AATGGTTGAGTCGGAA-1,
AATGTACTTAACATCA-1,
AATGTAGTCTTACGAG-1,
AATGTCAGGTCATTAC-1,
AATTACCAACTCCGTA-1,low
AATTAGCAACCGTTCC-1,low
AATTAGCTTAGGTGTA-1,
AATTATACCTCAATGA-1,
AATTCTAACATCGTGC-1,low
AATTCTCAGACGCAAC-1,
AATTCTCGCACCAGTA-1,
AATTCTTGCATTGGTC-1,low
AATTCTTGGATACGGA-1,
AATTGAATTCACTAGA-1,
AATTGCATTGAAGAAT-1,
AATTGCGGTGCTAATA-1,
AATTGCGTCAGACACT-1,
AATTGGACGGCATCGT-1,
AATTGGAGACATGGAG-1,low
AATTGGTTATGATACA-1,
AATTGTAGAATCCTAG-1,
ACAACCTTGGTGTCAA-1,
ACAACGAGCGATCTGA-1,
ACAACGCCGATAGTAT-1,
ACAACGTGAATTCACG-1,
ACAACGTGGAGCTACT-1,
ACAACTAACCAGTGGA-1,
ACAACTAAGGTGTTAT-1,
ACAACTAAGTGGCGCT-1,
ACAACTGAATCCAGTC-1,
ACAACTGTCGTGGATA-1,
ACAATACAATCCTTAA-1,
ACAATACACTTCCATC-1,
ACAATACAGGCGCCGT-1,low
ACAATACGCCTTATTC-1,
ACAATAGGATCCAACC-1,
ACAATATCATCCGGTA-1,
ACAATATGAATCATGA-1,
ACAATTGGTCGCGTAA-1,
ACAGAAGTGATCAATC-1,
ACAGAATAAGAACCAT-1,
ACAGAATAAGATAGTG-1,low
ACAGAATACATACTAA-1,
ACAGAATCCGTTGCTT-1,
ACAGAATGTCTTATTG-1,
ACAGAATGTTGAGTCC-1,
ACAGATCTGAAGTATC-1,
ACAGCCAGGCATAAGC-1,
ACAGGAACTACAGAAC-1,
ACAGGACTGAGCCGAT-1,low
ACAGGATACCGGATTC-1,
ACAGGCACGCGAGGAT-1,
ACAGGCATTGAACCAT-1,
ACAGGCCTTCTAATGC-1,
ACAGGTACCAAGGAAG-1,
ACAGGTGGACGACCTC-1,
ACAGGTTCAGTGAACG-1,
ACAGTACGCACTACCT-1,
ACAGTATGCCTGGATG-1,
ACAGTCACAATATTAG-1,
ACAGTTGAGGCTAATG-1,
ACATAACCTCTGCCTT-1,
ACATAAGACGCATATG-1,
ACATAAGCAATGCGGT-1,
ACATCACTGGCGTTCG-1,
ACATCGAAGTGATTAA-1,low
ACATCGAATGCGAACC-1,
ACATCGCCACAAGAGG-1,
ACATCGCCTAGTATGT-1,
ACATCGGCTTACAAGG-1,
ACATCGTAGACAGGTT-1,
ACATCGTCGGTCTACC-1,low
ACATCTACCTGTTCTA-1,
ACATCTATCCGAACCA-1,
ACATCTCAGTATTGCA-1,
ACATCTCGACAACCAC-1,
ACATCTCGCATAGAAT-1,
ACATCTGACCTTGTCT-1,
ACATGGATGCGTAAGC-1,
ACATGTTCACCGGCAG-1,
ACATGTTCCACTGATA-1,
ACATGTTCCAGGACGT-1,
ACATGTTGCTTGATCT-1,
ACATTCCTGAGTTCCG-1,
ACATTGAAGGCGGTGC-1,
ACATTGAATACGCATA-1,
ACATTGATCGTAATCC-1,
ACATTGCAGTTCGGCA-1,
ACATTGGTTCACAGTG-1,
ACATTGGTTCTGCCGT-1,
ACCAAGCACTTGCGCA-1,
ACCAAGGCTTCGCTAG-1,
ACCAAGTGATGGTGAG-1,
ACCAAGTGGCTGTATG-1,
ACCAATCATGGTTCAT-1,
ACCAATGAGCCTCATC-1,
ACCAATGATCGCGGCC-1,
ACCACGGAAGTTAATT-1,
ACCACGGATCCGGATA-1,
ACCACGGCCTCGCACC-1,
ACCAGCACTCCAATAC-1,
ACCAGTATGAAGTTCC-1,
ACCATAACTCCTCGTA-1,
ACCATCCGTTCGAGTG-1,
ACCATTAGATCGTGGC-1,
ACCGAAGATGTCGGCA-1,
ACCGAGAACGTGTTGG-1,
ACCGAGGTGATACCGA-1,
ACCGATTGAGGATCTG-1,
ACCGCAGGTCGAGTTG-1,
ACCGCTTGCTAAGCAG-1,
ACCGGACGCCAAGCGT-1,
ACCGGCACCATACTGC-1,
ACCGGCACGTACGAAC-1,
ACCGGCCGACCTGCAC-1,
ACCGGCCTCAGGAGTT-1,
ACCGGCTATCGTGCGG-1,
ACCGTACACGACCGTC-1,low
ACCGTACTATCGGAGG-1,
ACCGTAGGCGGAGGTT-1,
ACCGTCGAGTATACTC-1,
ACCTAAGTAGAACAGA-1,
ACCTAATGTTACCAAT-1,
ACCTAATTGTCGCTGA-1,
ACCTATAACGAACTAC-1,
ACCTATGCTACCGGAT-1,
ACCTCCACAGAACTCA-1,
ACCTCCACAGCTACGT-1,
ACCTCCGATTATAAGA-1,
ACCTCCTAGAGGCATG-1,
ACCTCGCACTAAGAGC-1,
ACCTGAGCAGGACCGC-1,
ACCTGCCACTATCAAT-1,
ACCTGCCACTGCGGTT-1,
ACCTGCCAGAGGATCT-1,
ACCTGCTTATAGTTCG-1,
ACCTGCTTCCACATTG-1,
ACCTGCTTGAGCCTGG-1,
ACCTGCTTGCTACGAC-1,
ACCTGTAACCGAATAA-1,
ACCTGTCTGCGGTTGT-1,
ACCTGTGGCGCTGCAA-1,low
ACCTGTGGTCACCTCG-1,
ACCTTCAGACCTCGGT-1,
ACCTTCGGTGCTACGA-1,
ACCTTGGCTCTGTAAG-1,
ACGAACATAGGATCGG-1,
ACGAACGCACGAGCAC-1,
ACGAAGATCGAATTGA-1,
ACGAAGCCACCTGAGG-1,
ACGAAGCTCATCCTCG-1,
ACGAAGTTCCAGCACC-1,
ACGACAAGCACTTCAC-1,
ACGACTGAAGACTTAC-1,
ACGAGGACAACTCACC-1,
ACGAGGACCTGCTAGT-1,
ACGAGGCTAGGTGGCT-1,
ACGAGGCTTAATCACG-1,
ACGAGTGCGTGCGTTC-1,
ACGATGACTATTAGAT-1,
ACGATGCGAAGGAGCA-1,
ACGATGCTCCAATACA-1,
ACGATGTCGCACAATC-1,
ACGATGTCGTTGCCAA-1,
ACGATGTTACCTCATT-1,
ACGCAACGAAGAGTAT-1,
ACGCAACGTGTAATTG-1,
ACGCAAGCTCCGCTTA-1,
ACGCAAGGCATAAGTC-1,
ACGCAAGGCGTCCAAT-1,
ACGCAATAGTATACGA-1,
ACGCACATTGTAAGTA-1,
ACGCATCGTCGAGCAG-1,
ACGCCGGCATAGTCAG-1,
ACGCCGGCATCACTGG-1,
ACGCCTCCGATGTTCC-1,
ACGCGGAAGAGTTCCG-1,
ACGCGGCTCAAGTTCA-1,
ACGCGTAGACTCAACT-1,
ACGCGTCGGTGAGGTT-1,
ACGCGTTCCAGCCTTC-1,low
ACGCGTTCGCGATCAT-1,
ACGCTCAGTGCACCGT-1,
ACGCTCAGTGCTATTC-1,
ACGCTGCGATTAACGA-1,
ACGGCCGGAACGCTAG-1,
ACGGCCGTCAACGTAT-1,
ACGGCCGTGACATTAA-1,
ACGGCCTGGCTAAGTT-1,
ACGGCCTTGCCAGAAC-1,
ACGGCTATGGCATACC-1,
ACGGCTTAACGATAGT-1,
ACGGCTTACGTATGCC-1,
ACGGCTTATTGGTATG-1,
ACGGCTTCAGGTACCG-1,
ACGGCTTCCATCGGAA-1,low
ACGGCTTCGATTAAGC-1,
ACGGCTTGTTCAATCG-1,
ACGGTCGGACAGGCGA-1,
ACGGTGATAATGTTAC-1,
ACGGTGTACGGTGCCA-1,
ACGGTTACATCCGAAG-1,
ACGGTTCACCTTCCGG-1,
ACGGTTCGCAAGTAAC-1,
ACGGTTCGTACAGTTG-1,
ACGGTTCGTCCGACCG-1,
ACGTCAGATTACTTCG-1,low
ACGTGAAGGTCGCCTC-1,
ACGTGCAATTATTCGG-1,
ACGTTAATACAATGAC-1,
ACGTTACGCAGACAGC-1,
ACGTTAGGCTCAAGCC-1,
ACGTTAGTACTGGACA-1,
ACGTTCACATGATCTG-1,
ACGTTCACGACTAGGT-1,
ACGTTCACTAGTTGTA-1,
ACGTTCCATTACCTCA-1,
ACGTTCTATGCACGAC-1,
ACGTTCTGCCATAATC-1,
ACTAATAGTCAACATA-1,
ACTAATCGGCCACCGA-1,
ACTAATGCCTTGCATC-1,
ACTAATTCTATGCGCA-1,
ACTACAATGACCGTAA-1,
ACTACCTTGGTTGACC-1,
ACTACGCCTCATGATT-1,
ACTACGTCTAATGGCC-1,
ACTAGATCTGAAGCGG-1,
ACTATCAAGGACGGAA-1,low
ACTATGAGGTTCTGTC-1,
ACTATTACCAGGTGCT-1,
ACTATTAGACAGGCTG-1,
ACTATTAGCCTAATCG-1,
ACTATTGCGAGCTAGA-1,low
ACTATTGTTCGCACAG-1,
ACTCAGCGGTAGATTG-1,
ACTCAGCTCGAGTGTC-1,low
ACTCAGCTTCTGAGAC-1,
ACTCAGGCCTGCAACT-1,
ACTCAGTAGATACAAT-1,low
ACTCAGTGAGCCTCCA-1,
ACTCCACGTTCGCTAC-1,
ACTCCAGGCCGAAGAC-1,
ACTCCAGTAGCTCCAG-1,low
ACTCCTATGTTCCTAC-1,
ACTCCTGACCACTGAG-1,
ACTCCTGCGGCAACCA-1,
ACTCCTTGTCCAGACC-1,
ACTCGAACGTTCGTTA-1,
ACTCGACGTACACGCC-1,
ACTCGAGTCCAAGTTG-1,
ACTCGATAAGACCAGG-1,
ACTCGATTGATATCCA-1,
ACTCGTTCCTGATACA-1,
ACTCTAAGCTTGCGCC-1,
ACTCTACTTCCGCATT-1,
ACTCTGACCTTACTGA-1,
ACTCTTGCGGAGAACC-1,
ACTGACGGCCATGTCT-1,
ACTGACGGCGAATAGT-1,
ACTGACGTGATATTGG-1,low
ACTGACTCTGCTGGCC-1,low
ACTGACTGTCATCTAC-1,
ACTGAGACCTTAGCAC-1,
ACTGAGCAAGAACACG-1,
ACTGAGCGATTACTAA-1,
ACTGAGCGCAACTCAT-1,
ACTGAGGATAGGCGCT-1,
ACTGATACAGAACGTC-1,low
ACTGATACCTTCACTA-1,low
ACTGATACTCCATTAC-1,
ACTGATAGCACGGTCT-1,low
ACTGATGTCCACTCGC-1,
ACTGCAACTTCAGTCA-1,
ACTGCAAGGCTTCTCG-1,
ACTGCATCTTGTTCCA-1,
ACTGCCGTTGGTGAGC-1,
ACTGGTGATTCCGATC-1,
ACTGGTTCTGAACGAT-1,
ACTGTACAATTCTACT-1,
ACTGTACATCCGATAC-1,
ACTGTAGACAAGGAAT-1,
ACTGTAGAGTGCCGGC-1,
ACTGTAGCAGCTTCTG-1,low
ACTGTATGATCCTCAT-1,
ACTGTATTCTAGTCCA-1,
ACTTAAGCCAGTAGGA-1,
ACTTCGACGGATCATT-1,
ACTTGAAGCGAGCGGT-1,
ACTTGAATGTATTGGA-1,
ACTTGAATTAACTTAG-1,
ACTTGAATTAGCCGGT-1,
ACTTGACTGAGCACGA-1,
ACTTGAGCACGAACAT-1,
AGAACAGGAGCATGGA-1,
AGAACATACTGGTCGT-1,
AGAACTTCGATGCGTA-1,
AGAAGCAATGAGGAAC-1,
AGAAGCAGCCTAAGCT-1,
AGAAGCGATGTTCTAA-1,
AGAAGCTGGCCTAGTG-1,
AGAAGCTTGCCTCCGC-1,
AGAAGGATGGTATGAA-1,
AGAAGGCGTAGAATAG-1,
AGAAGTTAACCAGAGC-1,
AGAAGTTGAGCGCAAG-1,
AGAATTCTGTTGACAA-1,
AGACAAGACGTATCGC-1,
AGACATCTTAGCACCT-1,
AGACCGAACCGATGTC-1,
AGACCGAAGACTACTC-1,
AGACCGACCGCAGACA-1,
AGACCGCCAAGTTCAA-1,
AGACCGCCGGCCAATG-1,
AGACCGGACTGTCCAT-1,
AGACCGGAGCAACGCT-1,
AGACCGGTATCCGTGG-1,
AGACCGTCACTGAGCT-1,
AGACCGTCATTAGTTA-1,
AGACCTCAGCGAGGTG-1,
AGACCTTCGCGTGAAC-1,
AGACGAGTATACGGAA-1,
AGACGATGCTGATAAT-1,
AGACGCGTGATGCATC-1,
AGACGCTTGGCCTCAC-1,
AGACGGCCTTACGGAG-1,
AGACGTAGGCGGACCG-1,
AGACGTGGCGTTGAGT-1,
AGACTACGTGCTCCAT-1,low
AGACTCAGACAGATAA-1,
AGACTCATGACCTGGC-1,
AGACTCATTGCGGACA-1,
AGACTCCTGTATGGCG-1,
AGACTCCTTATCATAC-1,
AGACTCGACTCCTAAT-1,
AGACTCTATTAGCGCT-1,
AGACTGGAACCGTTGG-1,
AGACTGGTAAGGAGGT-1,
AGATAACCAATACGCC-1,
AGATAAGTGCTACGAC-1,
AGATACAAGGATGGTG-1,low
AGATACATCTACGCAC-1,
AGATACTAATCAGGCG-1,
AGATAGGTGAATTGCC-1,
AGATAGGTGACCGCGT-1,
AGATCAACTCGCTATG-1,
AGATCAAGCATCTACT-1,
AGATCATTCACGCTGT-1,
AGATCTAACGAGCTCA-1,
AGATCTAACGTAATGT-1,
AGATCTCCGCCTTATT-1,
AGATGAGGCGCCTCCA-1,
AGATGCACGTAGGTGC-1,
AGATGCGGCTAGTGAC-1,
AGATGCTCCGTCATCT-1,
AGATTGAGTTAGGAAC-1,
AGATTGCGCCTCGCTC-1,
AGCAATAACAATTCCA-1,
AGCACCTCCAATCACG-1,
AGCACGAGATAACGGT-1,
AGCACGATACCTAAGC-1,low
AGCACGCTCGATCTAA-1,
AGCACGGAGGCAGTCA-1,
AGCACGTGCACCTCTG-1,
AGCACGTGCACTGTAA-1,
AGCACTCATACAGAAC-1,
AGCACTGCATCCTAGC-1,
AGCAGGATAGGTCTCC-1,
AGCAGGTAAGTATCTG-1,low
AGCAGGTATGCCATTG-1,low
AGCAGGTGCAATGGTT-1,
AGCATAATTCCAGATA-1,
AGCATCCTGACAGCCG-1,
AGCATGAGCGAATATT-1,
AGCATGCACCGCGTCA-1,
AGCATTAGACGGATTG-1,low
AGCCAGATACTCGAAC-1,
AGCCAGATCAAGATTC-1,
AGCCAGCGGCAAGCGT-1,
AGCCAGCGTTACAGTC-1,
AGCCATCCGTCAACTC-1,
AGCCGATGTTCTACTC-1,
AGCCGGCCTATTCCAG-1,
AGCCGTAGACTCTGAA-1,low
AGCCGTAGTGGAGTGC-1,
AGCCGTATCTTCGTCT-1,
AGCCGTATTCAACCGT-1,
AGCCGTTGCATCCTAG-1,
AGCCTACGGTGACCAA-1,
AGCCTCCGAACTACCA-1,
AGCCTCGCATGGTCCT-1,
AGCCTCTATGCAGCAA-1,
AGCGACAGCTACATCG-1,
AGCGACATCCTTCTAA-1,
AGCGACATTCGATCTG-1,
AGCGACCGTTCTATAC-1,
AGCGACTATGTATCTT-1,
AGCGAGAACAGATTCT-1,
AGCGCAGATGAGGTGC-1,
AGCGCATCGTGGTCGA-1,
AGCGCTAGGTACGCAA-1,
AGCGGAATGTCGCTGT-1,
AGCGGATCGCGGACAG-1,
AGCGGCGAATAATCTT-1,
AGCGGTACGCCGAGAA-1,low
AGCGGTACGGCGCATC-1,
AGCGGTGAGTGACATG-1,
AGCGGTGCACCAAGCC-1,
AGCGGTGCAGGCATCT-1,
AGCGGTTAATCGAAGT-1,
AGCGGTTACAATACGC-1,
AGCGGTTAGACTCGCC-1,
AGCGTGCCTGTATGCC-1,
AGCGTGCGCCTGATCG-1,
AGCGTGCTTCGCTCAT-1,
AGCGTGGCACCGACAA-1,
AGCGTGTATGTACGGT-1,
AGCGTTACAGTCCTGG-1,low
AGCGTTATACCTGTTG-1,
AGCGTTATAGCGCACT-1,
AGCGTTGGCTCACGAT-1,
AGCTACCAGCGTTACT-1,
AGCTAGCGTACAGTAA-1,low
AGCTATAAGTCCAGCA-1,
AGCTATAGAATAGTCT-1,
AGCTCAACATCGTCCG-1,
AGCTCACTATGCAGTT-1,
AGCTCATTAACGAATG-1,
AGCTCGACAGGCGATA-1,
AGCTCGCATTAGGATT-1,
AGCTGACGTAACGCTG-1,
AGCTGATCGGATTGTT-1,
AGCTGTACGCTGACTC-1,low
AGCTGTCCAGATGCTA-1,low
AGCTGTTCCGGTGATT-1,
AGCTGTTGAAGGCCTT-1,
AGCTTCGCTGCGGTCA-1,
AGCTTGGATGCAAGCC-1,
AGGAATTACGGTGACG-1,
AGGACCAGTAACCTAA-1,
AGGACCAGTGCGCCAG-1,
AGGACCGCAATAGTTA-1,
AGGACCGTAGATGCTA-1,
AGGACCTGTACCATTC-1,
AGGACGAAGCCTCCTT-1,
AGGACGAATGCTTCAA-1,
AGGACGTATCGCCGTA-1,
AGGACGTCGGCACGAA-1,
AGGACTAGGACCGCAG-1,
AGGACTGAAGTGCCTT-1,
AGGACTGGATGAAGAC-1,
AGGAGCAGAACATCTT-1,
AGGAGCAGCGTTAATA-1,
AGGAGCATAATCCACT-1,
AGGAGCATCACTCAGC-1,
AGGAGCATCTTAACTC-1,
AGGAGCCGCTGAGTAG-1,
AGGAGCCTCGAACGTT-1,
AGGAGCCTTCGCCTTA-1,
AGGAGCGAATGCGTTA-1,
AGGAGCTATGAACACT-1,
AGGAGTACAGTGCATA-1,
AGGATAACCGGTCGGA-1,
AGGATACCTCCGAGCG-1,
AGGATAGAGTTAATCA-1,
AGGATAGATAATTGGA-1,
AGGATAGGCTCAGTTG-1,
AGGATATCGCGAATAC-1,
AGGATCAACATTCGTT-1,low
AGGATCCGCTCGGTGC-1,
AGGATCCGTAAGTAAT-1,
AGGATCCGTGAGGCGG-1,
AGGATCGAGCACCGCC-1,
AGGATCTTAATGGTGA-1,
AGGATGAGTGCGTGCG-1,
AGGATGCTCGACAGTC-1,low
AGGATTCCTTGCTGCG-1,low
AGGATTCTACGCCTAG-1,low
AGGCAACAGCGTTCGC-1,
AGGCAACAGTCTGGTT-1,low
AGGCAATGTCAGCTGG-1,
AGGCATGCATGGAATT-1,
AGGCATTAAGTCTGGC-1,
AGGCATTACTATAGTA-1,
AGGCCGCAGAATAACG-1,
AGGCCTGTCTAGTGGC-1,
AGGCCTTGTCGTTGAT-1,
AGGCGATTCCACTTCT-1,
AGGCTGCAGCTCAGGC-1,
AGGCTGCGCAGCAACT-1,
AGGCTTAACCGATTGT-1,
AGGCTTAGCATTAACC-1,
AGGTACAGCTATGATA-1,
AGGTACCAGACGCCAG-1,
AGGTACGGAAGTCAAC-1,
AGGTACGTGATATCTG-1,
AGGTACTCTGCCACCG-1,
AGGTCACCTCCGCCTC-1,
AGGTCTCACGCCAATA-1,
AGGTCTTCCATCGCCG-1,
AGGTGAAGTGACGACT-1,
AGGTGAATCCACAACC-1,
AGGTGAGCAATGTCTT-1,
AGGTGAGGTAGAATAC-1,
AGGTGATTGGCGGTAT-1,
AGGTGGACTTGCCACC-1,
AGGTGGCACTTGTCAG-1,
AGGTGGCTGTCGCCAA-1,
AGGTTACATTCCACGC-1,
AGGTTAGTGGCCATAG-1,
AGGTTCCACGCCGAAG-1,
AGGTTGAGTAGGAGAT-1,
AGTAACCGCAGGTCAA-1,
AGTAAGCTCGGCCAAT-1,
AGTACATATGTAGGAA-1,low
AGTACCGAACCGCAAT-1,
AGTACCGTTGTACGCC-1,low
AGTAGACAGATAACGG-1,
AGTAGACAGTAAGGAG-1,
AGTAGAGCATGGACGT-1,
AGTAGAGTGCCGAATG-1,
AGTATTACGGTATTCG-1,
AGTATTAGCTGATCGA-1,
AGTATTCAGCTGAATG-1,
AGTATTCGTCGGTATC-1,
AGTATTGATTGAGTCA-1,
AGTATTGGTATGTCTA-1,low
AGTCACCATACCTCCA-1,
AGTCACTTATTCAAGG-1,
AGTCCGTGATCACTAC-1,
AGTCGCAGGAACGAGT-1,
AGTCGCCACTCGGCGA-1,
AGTCGGACCGTGCTTA-1,low
AGTCGGTCTAATCTGT-1,
AGTCGGTTATACATAG-1,low
AGTCGGTTGGTTGGCG-1,
AGTCGTTGCCGCCAAC-1,
AGTCGTTGCCTTACCT-1,
AGTCTAGGATTGTCAC-1,
AGTCTGTTACAATAGT-1,
AGTGAGCGCCTGTCCT-1,
AGTGAGGTCTGTGCTC-1,
AGTGAGTATTCTAAGT-1,
AGTGCAATAACTAACA-1,
AGTGCAGCTTCATCGG-1,low
AGTGCCAGATGCTCTG-1,
AGTGCTAACTCCTGGA-1,
AGTGCTTCGCGGACGC-1,
AGTGGTATGTCCAAGT-1,
AGTGTAAGCCTGCAAG-1,
AGTGTAAGTCCATACA-1,
AGTGTACCTCTGTATG-1,
AGTGTAGCTCTTATCT-1,
AGTGTATGCGCTGCCT-1,
AGTGTCATGGTTGTGG-1,
AGTGTCGTGGCATGTT-1,
AGTGTCTAGGCTAATA-1,
AGTGTCTGAACTGTGG-1,
AGTGTCTTAAGCTTGT-1,
AGTGTTCGAGGATGAA-1,
AGTTAACGAGCCACTC-1,
AGTTACCTCACCAGCA-1,
AGTTAGAAGGACGAAT-1,
AGTTATCCTGAACGAA-1,
AGTTCAGTTCATACAT-1,
AGTTCGGCACATACGG-1,
AGTTCGTCTAGTGCAG-1,
AGTTCGTGCAGACCTT-1,
AGTTGGAAGAGTATTG-1,
AGTTGGACGTTGGTAT-1,
AGTTGGCAACGTTGTC-1,low
AGTTGTACTTAATGGA-1,low
AGTTGTCCACAGACCA-1,
ATAACCTAGAACCTGC-1,
ATAACGAAGAGCACGC-1,
ATAACGCCTGTAGGCA-1,
ATAACGGCAAGACTCC-1,
ATAACGGCGTTACACT-1,
ATAACTGAACTCCTGG-1,
ATAAGAATCATGCATC-1,
ATAAGACCAATCGCGG-1,
ATAAGGAATAGAACAT-1,
ATAAGGAGCCGTGATG-1,
ATAAGGCGGACAAGTT-1,
ATAAGGTTAGCTCACG-1,
ATAAGTACCACGAGTT-1,
ATAATCCGTTCCGTTC-1,
ATAATCGTAGTTATTC-1,
ATAATTAGTTCTACGG-1,
ATAATTATCGACCACG-1,
ATAATTCTCCGGTCGG-1,
ATACAAGGTCAGTAGA-1,
ATACAATTGCGGTATT-1,
ATACAGATAGATTGAC-1,
ATACATCAAGGATTGC-1,
ATACATCACGCCTTCT-1,
ATACATCACTGTCCGG-1,
ATACATCATGCACCAA-1,
ATACATGCTGGTGCAG-1,
ATACCATAGCCAATCG-1,
ATACCGTTCCAGTCCA-1,
ATACGACATCTAGACC-1,
ATACGCGGTGAAGCCG-1,
ATACGCTGAGATCAGA-1,
ATACGGCACGTTACGA-1,low
ATACGGCGACTGGTCT-1,
ATACGGTCCTTGTCTT-1,
ATACTAGCCACTTCGC-1,
ATACTAGCCATTAGTT-1,
ATACTAGTAACTGAGT-1,
ATACTATCAACTTGTA-1,
ATACTATCCGAACATA-1,
ATACTATGAATGTCTT-1,
ATACTATGACTTCTTA-1,
ATACTATGCCAGTGAG-1,
ATACTATGGTTACATT-1,
ATACTCGTCCAACTGC-1,
ATACTGACTTCGGCAC-1,
ATACTGGACCACAGCC-1,
ATACTGGAGGATAACG-1,
ATACTGTCCACTACCG-1,
ATAGAACCTCTACCGA-1,low
ATAGAACGTTCGATCT-1,low
ATAGAAGGAGCAGTAG-1,
ATAGAATTCTAGGCCG-1,
ATAGACATGGCTATGG-1,
ATAGATCGGCATCCGA-1,
ATAGATGCCTAAGCAC-1,
ATAGATTGAGTTCGAG-1,
ATAGCACCTGCTGTCT-1,
ATAGCCGGCGACCGTC-1,
ATAGCGGCGAGTAATT-1,
ATAGCTATTCGCACTC-1,
ATAGCTGCGGATAAGA-1,
ATAGCTGTGAATCGGC-1,
ATAGCTTCACAACCGT-1,
ATAGCTTCGTGGAACG-1,
ATAGGCCGATAGAAGT-1,
ATAGGCCGATGATCTA-1,
ATAGGCCGGTAATTCT-1,
ATAGTACTATGGTTCT-1,
ATAGTCCGCCGTTGGC-1,
ATAGTCGAAGGAAGCT-1,
ATAGTCGAGTTGTCTG-1,
ATAGTCGCTAAGGTAT-1,
ATAGTGACGAATAGAT-1,
ATAGTGAGTGAGGATT-1,
ATAGTGTCAGATGTAG-1,
ATAGTTAAGCCTGCCG-1,
ATAGTTAAGGCACGAG-1,
ATAGTTAGTCCTTAAT-1,
ATAGTTCATCGGATCT-1,low
ATAGTTCCTAGGCCGG-1,
ATAGTTCGCAGCCGTG-1,
ATAGTTCGGTTCCAGA-1,
ATCAACATAAGCGTAG-1,
ATCAAGGAGCTTACAT-1,
ATCAAGTGGTGATGGC-1,
ATCAATCTGCAGGACC-1,low
ATCAATGGTTGTACCT-1,
ATCAATGTCAACTCGG-1,
ATCACCAGTTCGGCGA-1,
ATCACGTTCAATGATA-1,
ATCACTTAGGCCTTGT-1,
ATCAGATACCAGCTGT-1,
ATCAGTAAGCTCGCCG-1,
ATCATTCACCAGATTG-1,
ATCATTCCAACTTCGC-1,
ATCATTCCACTTAGCA-1,
ATCATTCGGACAACAG-1,
ATCATTGTCCATGCCA-1,
ATCCAACGCCACATCG-1,
ATCCACATCACTGCCG-1,
ATCCACATGTTGGACC-1,
ATCCACGAACGTTCGG-1,
ATCCACGACACGAATG-1,
ATCCACTCGTACTCGG-1,
ATCCGAACAGGCTCGA-1,
ATCCGAACGCAACCTT-1,
ATCCGAGTACAGGAAT-1,
ATCCGAGTACCACGTG-1,
ATCCGAGTCACTTGTA-1,
ATCCGATGACCTCGGA-1,
ATCCGATGTCTGTCAC-1,
ATCCGATTATCTACGT-1,
ATCCGGATCGCCGTAT-1,
ATCCGGATGACGTAAC-1,
ATCCGGATTACCGGTC-1,
ATCCGGCGTAGTCTGA-1,
ATCCGGTACCGTCCTT-1,
ATCCGGTATCACAAGT-1,
ATCCGTAGCTTCAGTA-1,
ATCCGTAGTGTCGCTC-1,low
ATCCGTGGAACTTCAA-1,
ATCCGTTATCGAAGGC-1,
ATCCTCCAGCCATTGT-1,
ATCCTCGTTCCAGGCC-1,
ATCGAACATGCTAAGC-1,
ATCGAACTCGTCCGGC-1,
ATCGAATCTAGCAGAC-1,low
ATCGACAGCGGCAACA-1,
ATCGACCGGAGTATCG-1,
ATCGACTAAGTACTGC-1,
ATCGATGTCAGATAGA-1,low
ATCGCAATGCACTAAC-1,
ATCGCAGTAACTTATT-1,
ATCGCAGTAATATCAG-1,
ATCGCAGTCTATGGCA-1,
ATCGCATCACGCATCT-1,
ATCGGCTCTATGCCTC-1,
ATCGTAACTACCTCTT-1,
ATCGTAATCCACATGC-1,
ATCGTACAACTGGCTA-1,
ATCGTACACCTATGCC-1,
ATCGTACCGCGTACGC-1,
ATCGTAGCATGTAGAT-1,
ATCGTATTACTCGGAG-1,
ATCGTATTGGAATCCT-1,
ATCGTCACCATGTCAC-1,
ATCGTCAGTTAGTCCA-1,
ATCGTCCTAGTACGAA-1,low
ATCGTCTATGATGCCG-1,
ATCGTCTTAACGAAGG-1,
ATCTACAGGAGTGCAC-1,
ATCTACCATATTCCAG-1,
ATCTACGACAGCTCTT-1,low
ATCTACTCACATCTCC-1,
ATCTCCTTGCGATACA-1,
ATCTGAAGTATGCACG-1,
ATCTGACCGGAGTCCT-1,
ATCTGAGGAACGGTTG-1,
ATCTGATACTTCATTA-1,
ATCTGCCGTCTACAGC-1,
ATCTGGATCCTCAGAC-1,
ATCTGTACGCGTCTCC-1,
ATCTTAAGCTCCTTGA-1,low
ATCTTAGACGCCTACT-1,
ATCTTAGACTTGATCT-1,
ATCTTAGATAGGTTCA-1,low
ATCTTAGTGGCATGGA-1,low
ATCTTATCAGCAATAC-1,
ATCTTCGGACATACTA-1,
ATCTTGGCTTCGTCCT-1,
ATGAACAATCGATGCG-1,
ATGAAGCTGAATCCAG-1,
ATGAATGTATCGTGGT-1,
ATGACACTAATCGCAC-1,
ATGACCAGACGGCCGG-1,
ATGACCTCACTTAACC-1,
ATGACGAGATCATTAA-1,
ATGAGCATGGCATTCT-1,
ATGAGCTACATGGAAG-1,
ATGAGCTACTGGACAT-1,
ATGAGCTATTCGAAGA-1,
ATGAGGAACGACCAGC-1,
ATGAGTACGCTTCCTA-1,
ATGAGTAGCGTGTTAG-1,
ATGAGTATCAGATCTG-1,
ATGAGTCCTGAAGTGG-1,
ATGAGTCTAGATACTC-1,
ATGAGTCTTAGGAAGG-1,
ATGAGTTACAGATAGA-1,
ATGATAATGCACGCAC-1,
ATGATAATTCCTTGCG-1,
ATGATATCTAGTCTTA-1,
ATGATTGATTCCGAAT-1,
ATGCATCCTGACTCAC-1,
ATGCATGCCTGCGATG-1,
ATGCATGGTTCCGCCT-1,
ATGCATGGTTGCTGTA-1,
ATGCATGTATGTGAGT-1,
ATGCATGTCACTCGTG-1,
ATGCATGTCGATGTGG-1,
ATGCATTAGATATCCA-1,
ATGCCAGCTGCCATCT-1,
ATGCCGTCGATAAGAC-1,
ATGCCGTTGTGAAGCG-1,
ATGCCTTCGTAAGTTA-1,
ATGCTACTGAATAGTA-1,
ATGCTCATGCCTGCCT-1,
ATGCTCCAACCTGGCC-1,
ATGCTCCGTTCTACTG-1,
ATGCTCGCCTCCAATT-1,
ATGCTGAATGCAATAG-1,
ATGCTGACAGTTACAT-1,
ATGCTGACGACTCGCT-1,
ATGCTGCCGGCATACT-1,
ATGCTGCCTACTGCAT-1,low
ATGCTGCGGAACTACC-1,
ATGCTGCGGATGGTTG-1,
ATGCTGGCTTACTACA-1,
ATGCTTACTCTAGGAA-1,
ATGCTTGGACGAACTT-1,
ATGGAACGATAGTGAT-1,
ATGGAGCGGACCGATT-1,
ATGGAGGCCACGGCTT-1,
ATGGAGGCCGCTATCC-1,
ATGGAGGTTCACCGGT-1,low
ATGGAGTAATCGGACC-1,
ATGGAGTCTTCGCAGT-1,
ATGGCATTATGGCTCG-1,
ATGGTAACGGACCGGA-1,
ATGTAAGAGCCACCTC-1,
ATGTAATTGTCGTTCG-1,
ATGTACAGTGCCTATG-1,
ATGTACATCGTGGTTA-1,
ATGTACATGAACTCCG-1,
ATGTACCAGTTACTCG-1,
ATGTACCATTATTGTC-1,
ATGTACCGATCCAGAA-1,
ATGTACCTTCACATTA-1,
ATGTACGGTGGCGTAT-1,
ATGTACTACCGACTTC-1,
ATGTACTAGAGGAATT-1,
ATGTACTCGTGGCTGT-1,
ATGTACTGGTCGAAGC-1,
ATGTAGAAGCGAATAG-1,
ATGTAGCCGACCAAGG-1,
ATGTAGGTAACCGTAC-1,
ATGTAGGTGGTCTAAC-1,
ATGTAGGTTGGCGAGG-1,
ATGTAGTCCAGAACAT-1,
ATGTATCCAAGGTGGC-1,
ATGTATCCATAAGTTG-1,
ATGTATCGGAATACGG-1,
ATGTATGAGTACCGGA-1,
ATGTATGTACTATCTT-1,low
ATGTATGTTATTGAAG-1,low
ATGTCATACTTAGACC-1,low
ATGTCATCAGGTTATG-1,
ATGTCGCATTGATTGC-1,low
ATGTCGGACTGAAGTA-1,
ATGTCGGCTGTCGTAA-1,low
ATGTCGTTACCAGACG-1,
ATGTCTAACTGGCGAA-1,
ATGTCTGCGTTGCAGC-1,
ATGTGAATCCATACGA-1,
ATGTGAATTGCTGACC-1,
ATGTGATCCGTCTAAC-1,
ATGTGCCGGTGACAGA-1,
ATGTGCGTCTGAACAG-1,
ATGTGCTAACATCGAA-1,
ATGTGCTTGTGCTACC-1,
ATGTTAAGATTACTGA-1,
ATGTTACCTCGTCTGT-1,
ATGTTACGCCATTCCT-1,
ATGTTACTGGAGGCGG-1,
ATGTTAGAATAGTACT-1,
ATGTTAGACTATCTCA-1,
ATGTTCGCAGAAGTCT-1,
ATGTTCTGCCTTATCT-1,
ATTAAGAACAGCTCCG-1,
ATTAAGAATAACGCTT-1,
ATTAAGCGTCCTGCCG-1,
ATTAAGTGGCCTAAGG-1,
ATTACAAGCAAGTGTC-1,
ATTACATGTTATTGAC-1,
ATTACATTGAAGTATG-1,
ATTACCTTCGCAGAAG-1,
ATTACTCAGTTAACGA-1,
ATTACTCCGTGAAGCG-1,
ATTACTGAGTGCCTCC-1,
ATTACTGATATTCGCC-1,
ATTACTGTACGCGGTG-1,
ATTACTGTCGCATATT-1,
ATTACTTAACCACTTC-1,low
ATTACTTGAGCAAGAT-1,
ATTAGACCAAGTATAC-1,
ATTAGATAAGACGGCG-1,
ATTAGATTCGTACTCA-1,
ATTAGCAGGATGTATT-1,
ATTAGCATTCCGATCG-1,
ATTAGCCTCACTTCTA-1,
ATTAGCCTCAGTAGAT-1,
ATTAGCGAGCATGCTG-1,
ATTAGCTAGATGCGCA-1,
ATTAGTCGTGTTATGC-1,
ATTAGTGAGGTATCGC-1,
ATTAGTGCTTGGTCAT-1,
ATTAGTTCACAGACTC-1,
ATTAGTTGGACGTGAT-1,
ATTATCACAACTCGGC-1,
ATTATCAGTTCGATGC-1,
ATTATCCAGGTGAAGT-1,
ATTATCCATTGTGACA-1,
ATTATCGAAGCCTAAG-1,
ATTATCGAGTGCAGAT-1,
ATTATCTAGATTAACG-1,
ATTATCTTATTGAGAC-1,low
ATTATGATACTGCGCA-1,
ATTATGCCATCGTTAA-1,low
ATTATGTTAAGGTAGT-1,
ATTCAAGATTAGTTGC-1,
ATTCACATAGGATGAG-1,low
ATTCACATCGTCACAG-1,
ATTCACATCTTATTCT-1,
ATTCACCTGACCAGTT-1,low
ATTCACGCTGCCTAGG-1,
ATTCACGCTGTTATCG-1,
ATTCACGTCGCAGGCT-1,
ATTCACTCACGTGCAC-1,
ATTCAGCTCCTACTAA-1,
ATTCAGTCACCGCCAT-1,
ATTCATAGCGAAGCGT-1,
ATTCATAGTTCTAACT-1,low
ATTCCATTGTGAACGC-1,low
ATTCCGCAACGCCGCT-1,
ATTCCGCTCCATCAGC-1,
ATTCCGGACCGGTCTT-1,
ATTCCGGTTACATACC-1,
ATTCCGTAAGGATTCC-1,
ATTCCTCAATTCCATA-1,
ATTCCTGCCTTAACAG-1,
ATTCCTTCGAAGGTGC-1,
ATTCGCTCGCGGAGGC-1,low
ATTCGGAAGCTATTAC-1,
ATTCGTGCCGACATGT-1,
ATTCGTTAGAATTCGG-1,
ATTCTAACGCCTGTTA-1,low
ATTCTACAGCCAGCAC-1,low
ATTCTACGTGGCAGAT-1,
ATTCTACTGGTCGTTC-1,
ATTCTAGGACATCAGT-1,
ATTCTGAGTACTGTAG-1,
ATTCTTGAGGCGACGC-1,
ATTCTTGGAGTGATAG-1,
ATTGACCTTCGGCGTC-1,
ATTGACGAGCAGCGAC-1,
ATTGACGCATCTCAAC-1,
ATTGACGCCACCTTCT-1,
ATTGACGCCAGCCAAG-1,
ATTGACTGAATACTAT-1,
ATTGACTTATGTGGTA-1,
ATTGATAACACTAAGA-1,
ATTGCAAGGCAATGGA-1,
ATTGCAATTATGGTTG-1,
ATTGCACGCATAACAG-1,
ATTGCAGTTCTTCATT-1,
ATTGCATATTGTTATC-1,
ATTGCATCACTGACTG-1,
ATTGCCTGATGTGCGG-1,
ATTGCCTTGTCTAAGT-1,low
ATTGCGTAGTTAGGAG-1,
ATTGGCACCACGCCAT-1,
ATTGGCCTAGGAATCG-1,
ATTGGCCTTCCGTGCA-1,
ATTGGCGAATTGCACT-1,
ATTGGCTAACAGACAA-1,
ATTGTTAAGTAGACTA-1,low
ATTGTTACGACTAGCG-1,
ATTGTTATACTTCACG-1,
ATTGTTATCGTAATAC-1,
CAACAGCCAGACCTTC-1,
CAACAGCCGCCTTGAG-1,low
CAACAGGTCAGAGGAC-1,
CAACCGTACTGATCTT-1,
CAACCGTATTACTGTA-1,
CAACCGTTAACAGACC-1,
CAACCGTTAATGTCAT-1,
CAACCGTTCCACTCAC-1,
CAACGCTTGCTCCTAC-1,
CAACGGCACTCAGTCC-1,low
CAACTGACAAGACAAG-1,
CAACTGCAGTGCAATA-1,
CAACTGCTGGAGTTAT-1,
CAACTTGGACATAGAT-1,
CAACTTGGTACGATGT-1,
CAAGACCACTATCGAA-1,
CAAGATAAGTGCAATG-1,
CAAGATAATGAGACCG-1,
CAAGATTACCGATCAT-1,
CAAGATTAGATGAGTT-1,
CAAGATTCGTCAGCTG-1,
CAAGCATGCCTGACTT-1,
CAAGCCGCCATAGAGG-1,
CAAGCCTCCACTATCT-1,
CAAGGCAAGATTAGCA-1,
CAAGGCAAGCATCTCG-1,
CAAGGTCTCAATACAG-1,
CAAGTACTCCGCATCG-1,
CAAGTACTTATTAAGC-1,
CAAGTACTTCAATAGT-1,
CAAGTAGCCTCGATCC-1,low
CAAGTATCGGCAACCA-1,
CAAGTCCATCGGCGGT-1,
CAAGTCCGCTACCGTT-1,
CAAGTCGCAGTCACTC-1,
CAAGTCGTAGGACTCG-1,low
CAAGTCTTGGCGATAG-1,
CAAGTGAATTGGATGC-1,
CAAGTGGATCATCCAG-1,
CAAGTGTTCGCCACGC-1,
CAAGTGTTGACGGCCA-1,
CAATAACTACATTAAC-1,
CAATAACTCAAGGCAA-1,
CAATAACTCAGATGAG-1,
CAATAAGAACCGACTT-1,
CAATAAGCGGCCAGAT-1,
CAATAAGGTAACTCGT-1,
CAATAAGGTAGCGATG-1,low
CAATAATCGTAGGATA-1,
CAATCCATGCCGATGC-1,
CAATCCGAGGTGCTAG-1,
CAATCGTCGGAGCATG-1,
CAATCGTGAAGTGATA-1,
CAATCTATGAGGTCAG-1,
CAATCTGAGTCGACTC-1,
CAATCTTATTAGAATG-1,
CAATGCATCATTATGC-1,
CAATGCATTGACGGCA-1,
CAATGCGGATGCTGGT-1,
CAATGGCTGAGCGATT-1,
CAATGTCCGTTGCGTG-1,low
CAATTACAGGTGTCAT-1,
CAATTGAACCGGCTCG-1,low
CAATTGTTGACGTGAG-1,
CACCAGGCACGCTATC-1,
CACCATAAGCTGGCTG-1,
CACCATAGGTAACCAG-1,
CACCATTCTTACGAGC-1,
CACCGACAAGGCGTAT-1,low
CACCGAGTCTTGGACA-1,
CACCTACATGATTGAT-1,
CACCTACCGCTACCTT-1,
CACCTAGAATACTTCT-1,
CACCTAGACGAGCCGG-1,
CACCTATTACTCAGAT-1,
CACCTCGAAGCGCTAG-1,
CACCTCGAGCGATGCT-1,
CACCTCGAGGACTCTA-1,
CACCTTGCGAGTTATG-1,
CACGAACGGTCTTCAG-1,
CACGACCTCCGTCATA-1,
CACGAGGCCATCCACT-1,
CACGAGGTATAGGTAT-1,
CACGATAAGGCCTAAG-1,
CACGATACAATAGCCA-1,
CACGATCATACAATTA-1,
CACGATCTTCGCCGAC-1,
CACGATGGTGCTAATA-1,
CACGCCACAATCGCAC-1,
CACGCCACTCCTTCAT-1,
CACGCCTGGCGAATGT-1,
CACGCTTATCAATCTT-1,
CACGGATTCTCATCAC-1,
CACGGCGACGGTGCCT-1,
CACGGCGATACATACG-1,
CACGGCGTCAGCCTGC-1,
CACGGCTGCGCTTGGC-1,
CACGGCTTACTCCGTT-1,
CACGGTCTCCTTACGA-1,
CACGGTCTTGGTTAAT-1,
CACGGTGCCGGACCAC-1,
CACGTACACTCGCACC-1,
CACGTACGTAGCTCAT-1,low
CACGTAGGTAGGCTGA-1,
CACGTCAAGTGCGATC-1,
CACGTCCAATTCGACT-1,
CACGTCCACGACCTAT-1,
CACGTCCATCTACTGA-1,low
CACGTGGCGGCACTAG-1,
CACGTTGCACATACCG-1,
CACTACAATATTGCGG-1,
CACTACCATACGCAGA-1,
CACTACCTTCGCTTCA-1,
CACTACTGCGGAATTG-1,
CACTACTGGCTGAACC-1,
CACTAGTCGACATCTA-1,
CACTCAAGACCATGCA-1,
CACTCAAGACGGACTA-1,
CACTCAAGGCGGCACT-1,
CACTCAATAAGCCGAA-1,
CACTCAATAGTGATGC-1,
CACTCAATGGTTCGGA-1,
CACTCAGAGCAACCGG-1,
CACTCAGTACTCCGCT-1,
CACTCAGTGGTCCTTC-1,low
CACTCATCACGTTACG-1,
CACTCGGCGTATCGGC-1,
CACTCGTAGGCCACGG-1,
CACTGGATCGATACGA-1,
CACTGGCCAGCCAGAT-1,
CACTGGCGGTAACACC-1,
CACTGGTGAGTTATCG-1,
CACTGGTGGCGTCGTT-1,
CACTTGACATTCAGAA-1,
CAGAACATGATAGGAC-1,
CAGAACATGCCTAGTG-1,
CAGAACGTATCGACTT-1,
CAGAAGATTAGAATGG-1,
CAGAAGTCGCGGTTAT-1,
CAGAATTCTTGAACCA-1,
CAGACACTTACAAGAC-1,
CAGACAGTCGGATCTG-1,
CAGACGAATGAGGAAC-1,
CAGACGATACAGATCG-1,
CAGACGCACTACTGAC-1,
CAGACGCAGTAGGTCT-1,
CAGAGCAATGGCTTCT-1,
CAGAGCTTGTACTCGC-1,low
CAGAGGCACTTAAGTC-1,
CAGAGGCAGCACATGG-1,
CAGAGGCGAATTGCCA-1,
CAGAGTCAATCCGCTG-1,
CAGAGTCATGTACAGG-1,
CAGATACAGCACTCGT-1,
CAGATATGTCCTTAAG-1,
CAGATTATCATAACGC-1,
CAGATTCCGTATGCGA-1,
CAGATTCGAACAGGTG-1,
CAGATTGCCTGTAAGT-1,low
CAGCACCGCACGACTA-1,
CAGCACGCTAATCAGA-1,
CAGCATAGACTAGGCA-1,
CAGCATCCTCGCCACT-1,
CAGCCAACGATAGCTT-1,
CAGCCACGGCTCTACG-1,
CAGCCAGTCCTGTCGG-1,
CAGCCATGTCTGCCGT-1,
CAGCCTCGTGGCTCAC-1,
CAGCCTGGTTGAACTA-1,
CAGCGATAACTGAACC-1,
CAGCGATAATGCGATT-1,low
CAGCTCACGCACTAGA-1,
CAGCTCCTCGGATTCT-1,
CAGCTGCCATAACCAG-1,
CAGCTGGATGCGGCTA-1,
CAGCTGGCGATAAGTG-1,
CAGCTGTTGCCGGAGT-1,
CAGCTTCACTACCGTG-1,
CAGCTTCTAGCTGGCA-1,
CAGCTTCTCCGCTCTT-1,
CAGCTTGACGCCATTA-1,
CAGCTTGGTTCGGTCG-1,
CAGGACAGAAGGCTGG-1,
CAGGACATGGTAATGC-1,low
CAGGACCTACATAGTC-1,
CAGGAGCGTATCGCAT-1,
CAGGCCAACAGCGAGT-1,
CAGGCCAACGGTCGTA-1,
CAGGCGAGGTCTTGGA-1,
CAGGTACCACTCGCGG-1,
CAGGTTCCACTAATCC-1,
CAGTAATATCACTACG-1,
CAGTACAGTTGTGGAA-1,
CAGTAGATTGACGGAT-1,
CAGTAGCACTACATTG-1,
CAGTATACTGCAGCAA-1,
CAGTATCTTACACTAA-1,
CAGTATGCGTGGCGCT-1,
CAGTCAGCCGATCCGG-1,
CAGTCTCACTTAAGCA-1,
CAGTCTGGACAATCTA-1,
CAGTCTGGTAATCTAC-1,
CAGTCTGTGGCGCTGC-1,
CAGTGAACAGCAACGA-1,
CAGTGAAGATACATAA-1,
CAGTGATATTGATGTC-1,
CAGTGCCTTGCGGTCT-1,
CAGTTGCAACCGAGAT-1,
CAGTTGCACGGACAGG-1,low
CAGTTGCGACTTCTCG-1,
CAGTTGCTCACGTGTC-1,
CATAAGTCTTCGAGTT-1,
CATACAATGAGTAGCT-1,
CATACCTACCGAAGGA-1,
CATACCTCGATTGTTC-1,
CATAGAACATTGAACA-1,
CATAGACGAGGTATTA-1,low
CATAGCTTGACAACGG-1,low
CATATCAGACTATCCA-1,
CATATCCGTTCACCTC-1,
CATATGTTGACTGGCG-1,
CATATTCATCCGCATT-1,
CATATTCTTGTCGTAA-1,
CATCAACATAACCGAT-1,
CATCAGAAGGCTTCGG-1,
CATCAGATACTAATCG-1,
CATCAGGTAGGACCGT-1,
CATCAGGTGCCTGATA-1,
CATCAGTAATCAGACA-1,
CATCCGAAGCGTATGG-1,low
CATCCGCCTAAGGAAC-1,
CATCCGGTACCAACGA-1,
CATCCGTGCGGTCTAC-1,
CATCCGTGGTCGTAAG-1,
CATCCGTTAAGCGTGC-1,
CATCCTAGTGGTATGT-1,
CATCCTGGTACCTGCT-1,
CATCCTTCGACTAAGT-1,
CATCGCGGATGATATG-1,
CATCGCGGTCGGTGCG-1,
CATCGGATACGCACAG-1,
CATCGGATCCTACCTG-1,
CATCGGCATGTCGAAG-1,
CATCGGCCTGCATATC-1,
CATCGGTAGCGTCCGA-1,
CATCTGGCCATACTAG-1,
CATCTGGCGAATGTCG-1,
CATCTGTACCACGCGA-1,
CATCTTACTTGCACTC-1,
CATGATACTCAGGATT-1,
CATGATGCATGTGCTA-1,
CATGATGCTAGCCATG-1,
CATGCACGCCGACGGA-1,
CATGCAGAAGTCAGGA-1,
CATGCAGGTAGTTGTA-1,
CATGCATATGACGTCG-1,
CATGCATATTCTGCCT-1,
CATGCGAGTGAGCTAA-1,
CATGCGCTACTGGAGG-1,
CATGCGGCCGGAATTC-1,
CATGCTCATCTGAACG-1,
CATGGCTACTGTACGT-1,
CATGGTGAGGCAGCAT-1,
CATGTTACCGAAGGCG-1,
CATGTTATTGATGCAG-1,
CATGTTGAGCCGGAAC-1,
CATTAACTAATCGCGT-1,
CATTAACTATTGTTCC-1,low
CATTAAGTAGCTTACC-1,
CATTAGGATAGTGAAT-1,
CATTAGGCAATGGTTA-1,
CATTCTCCAGTCACCA-1,
CATTCTGTGCATGCTC-1,
CATTGCAGCGAAGACC-1,
CATTGCGTGCCACCTT-1,
CATTGGCGGTTGAGTC-1,
CATTGTCGGTCGCTAG-1,
CATTGTGGCCTCAGGC-1,
CCAACAGGAACACGGT-1,
CCAACTGGAGATTCAT-1,
CCAACTTGCCACCGTA-1,
CCAACTTGCGTTAACC-1,
CCAAGCCTGTATTAAT-1,
CCAAGCTGGCCATTGC-1,
CCAATACCAACACGCC-1,
CCAATAGAAGACTTGG-1,
CCAATAGCGGTACGTG-1,
CCAATATTAGTGCGTT-1,
CCAATCTAACGTGACG-1,
CCAATCTTGCCTATGG-1,
CCAATTATGACACTGG-1,low
CCACAACCAGCAGGTG-1,
CCACAGGAAGATGTGC-1,
CCACATGGCGACGTCT-1,low
CCACGAACGCTGCCGC-1,
CCACGATCCTAATCCG-1,
CCACGCCTGGAGAAGT-1,
CCACGGCTGGCAACCT-1,
CCACGGTACACCAACC-1,
CCACGTCAATCAACAT-1,
CCACGTCGGTCGCTTC-1,
CCACGTGCCACCTCAA-1,
CCACGTGGACTGCGGT-1,
CCACTAATCACCGGTA-1,low
CCACTCCAGCACCTAC-1,
CCACTCTGTAGTCGGA-1,low
CCAGAACCGTGCATCC-1,
CCAGACAATATCGTTA-1,
CCAGACAGAACCTAAG-1,
CCAGACATCCGGTTCT-1,
CCAGACATCGGCACGC-1,
CCAGACCAGCGGCAAG-1,
CCAGATAGACGAGGTG-1,
CCAGATAGCGTAGTGA-1,low
CCAGATGATATGTAGG-1,
CCAGATTGTAGCCTAC-1,
CCAGCACTCGACTGAC-1,
CCAGCAGGTCTTGTTC-1,
CCAGCATCTACCGCTT-1,
CCAGCGGATTCCGCTG-1,
CCAGGTCCACATCCAT-1,
CCAGGTTACGAGACTG-1,
CCAGTGTCACAGCGCC-1,
CCAGTGTCTAGCTACG-1,
CCAGTTGTGATGCAAG-1,
CCATACGGAGCCAAGG-1,
CCATAGCCGTACGCAC-1,
CCATAGGACCGCCAAC-1,
CCATAGTATTGTCTGC-1,
CCATAGTTCGAGTAAG-1,
CCATCGGACAACCGTG-1,
CCATCTGTGGCATCGT-1,
CCATGAACATCGTTGG-1,
CCATGACAGGAGAACA-1,
CCATGAGGCTATGCCA-1,
CCATGGTTCCAATGTC-1,
CCATTATCGTTACCTT-1,low
CCATTCCGGTTCTTCC-1,
CCATTCGTCTGCTCTA-1,
CCATTGGCAATTCTCA-1,
CCGAAGCCAGGTTCAG-1,
CCGACAACGTCATCGG-1,
CCGACAAGACTGTACT-1,
CCGACAAGGCACGGTT-1,
CCGACAAGTATTCATC-1,low
CCGACAGACTGTGCCT-1,
CCGAGGATGACTCGTC-1,
CCGAGTAATACACGAG-1,
CCGATAATGGAGCCTT-1,
CCGATGGAACATCAGC-1,
CCGATGGATCCGGCAG-1,
CCGATTAGCGAGTGTA-1,
CCGATTCCATAAGAGT-1,
CCGATTCCTCACTACA-1,
CCGCAAGGAAGGAGGC-1,
CCGCAAGGTACCGTTG-1,
CCGCAAGTAGCGGACT-1,
CCGCAATCCGTGGTTG-1,
CCGCACAACGTGGTCA-1,
CCGCAGTGATCACTGT-1,
CCGCATAGTACAGGTT-1,
CCGCATGTAGTTAGAC-1,
CCGCCACTGCGTTGGC-1,
CCGCCATACTTCACCA-1,
CCGCGACCGTAGCTAT-1,
CCGCGAGGTGCGATGG-1,
CCGCGGCCACAATCGG-1,
CCGCGTAAGATTCCTT-1,low
CCGCGTATCGTTGCAG-1,
CCGCGTCGTTGGTCTG-1,
CCGCGTGCTGATTAGT-1,low
CCGCGTTACCTTGGCG-1,
CCGCGTTGACGGAACG-1,
CCGCTCAATCTGGAAC-1,
CCGCTCATACAAGTCA-1,
CCGCTCGCTAGTCTAA-1,
CCGCTCTGCTGAATTC-1,
CCGCTCTGGATATCGG-1,
CCGCTGGCACCAAGAC-1,
CCGCTGTCACCTGCAA-1,
CCGCTGTTGCCATACG-1,
CCGGAGAAGCTAACCA-1,
CCGGAGACAAGAATAA-1,
CCGGATCACTATGGCC-1,
CCGGATCAGCCGACTA-1,
CCGGATCTCCGAAGCG-1,
CCGGCAATGAAGTGAA-1,
CCGGCATAGGCAAGTG-1,
CCGGCATGAGCCGTCT-1,low
CCGGCGAACATCACGT-1,
CCGGCGAACCGTGCAC-1,low
CCGGCGAATGTACAGG-1,
CCGGCGAGAATATTGA-1,
CCGGCGCTAAGGATGA-1,
CCGGCGTCCTCATTGT-1,
CCGGCGTCTTAATAAG-1,
CCGGTGAAGCGGAGTG-1,
CCGGTGGAGCTGGCTC-1,
CCGGTGGCAAGCCGTA-1,
CCGGTGGCTTCTGAGC-1,
CCGTACTGGACGCAGA-1,
CCGTATAATCTGGCCG-1,
CCGTCTTATGGACGAG-1,
CCGTGAAGGATAACAG-1,
CCGTGCACATCTGGCA-1,
CCGTGCACTACCAGAA-1,
CCGTGCTGGCAATATG-1,
CCGTGGCGTCGGTGCT-1,
CCTAACGCGATTGCAT-1,low
CCTAACGCTGATGTCT-1,
CCTAACTACGAATATG-1,
CCTAACTTATGTTGGA-1,
CCTAAGCATGCCTTGT-1,
CCTAAGGTTACAGTAA-1,
CCTAATAGCGGACAGA-1,
CCTAATCAGGCCATTA-1,low
CCTAATCCACAAGGAT-1,
CCTAATCGCTCACCAT-1,
CCTAATCGGCAGTCAC-1,
CCTAATGGCACTGTTC-1,
CCTACACCGACATTAC-1,
CCTACCACTCCAGTTA-1,
CCTACCATCGCAGTAT-1,
CCTACCATGTGATCAC-1,
CCTACGAGCTGGCCGG-1,low
CCTACGGTAAGACTCG-1,
CCTAGCCTTCATCGGC-1,
CCTAGTCAGCGAACCA-1,
CCTAGTCAGTCCTTAT-1,
CCTAGTGAATGTCTGC-1,
CCTATCTATCAATCGC-1,
CCTATGATGGTCAATG-1,
CCTATGCCAGCAATCC-1,
CCTATGCCGTCGGCAC-1,
CCTATGCCTTCTTGTT-1,
CCTATGTCGAATAGAA-1,
CCTATGTCTTACCGGC-1,
CCTCACAATACAACTG-1,
CCTCACATGTACCTGG-1,
CCTCACATGTCTTACT-1,
CCTCACCTAGTGGCAA-1,
CCTCACGTTACTCGCA-1,
CCTCACTTCCTTCCGA-1,
CCTCATGATTATCTGA-1,low
CCTCCGAAGCTGTACC-1,
CCTCGATAGAATAGGA-1,low
CCTCGCCAACTACAAG-1,
CCTCGCTTGAAGGTCA-1,
CCTCGGAAGGCATGCA-1,
CCTCGGATCTTGCGGT-1,
CCTCGGTATGACAGTA-1,
CCTCTACCACGTATCG-1,
CCTCTACCGTGATTGG-1,
CCTCTAGCTCTGGCAG-1,
CCTCTAGCTGGTCCGC-1,
CCTCTATGTTGCTTAT-1,
CCTCTTCGAGCGGTTG-1,
CCTGAAGCAATGCACG-1,
CCTGAAGCGTATAGCA-1,
CCTGAAGTGCATGCAT-1,
CCTGCTCGCCGTCCAG-1,
CCTGGATCTAGAGCCA-1,
CCTGGATTGCGTAACA-1,
CCTGGCAACGAACGTC-1,
CCTGGCATACCTGTCA-1,
CCTGGCTTATGGTCTG-1,
CCTGTCATCCGGTATG-1,
CCTGTCATTGAATTAT-1,
CCTGTCCTCAGTTGTA-1,
CCTGTCGAGTGACAGA-1,
CCTGTCTAAGTAGGCT-1,low
CCTGTCTACCGTGGCA-1,
CCTGTCTGATAGGTGA-1,
CCTGTCTGCATAGGTC-1,
CCTGTCTTACAATCCT-1,
CCTTAATTGGAATATT-1,
CCTTAGATCTGTAATA-1,
CCTTAGATGTGCTACG-1,
CCTTAGCGTTCGCAGG-1,
CCTTAGTCTGTCACTG-1,
CCTTAGTGGATCCACG-1,
CCTTAGTTATACCAGA-1,
CCTTATAGGCGAATAC-1,
CCTTATAGGTCTCAAC-1,
CCTTATGAGGCGTTCC-1,
CCTTCACCGACGGACA-1,
CCTTCATAGTACTTCA-1,
CCTTCCAACCTTCAGA-1,low
CCTTCCACTGCCTAAG-1,
CCTTGTCTACTTAGAC-1,
CCTTGTCTAGTTCTTG-1,
CCTTGTCTTACGGTTC-1,
CCTTGTGATGGTCTAG-1,
CGAACCAGAAGTCTGG-1,
CGAACGTGAAGTCCAA-1,
CGAACTACAGATGTAA-1,
CGAAGAACGACTCGAT-1,
CGAAGACCGCCAGGCG-1,low
CGAAGAGCAGATGATT-1,
CGAAGAGCTCGTTCTA-1,
CGAAGATCCGAAGGCA-1,
CGAAGGAGAACAGTTG-1,
CGAAGTCGTTGGCTCG-1,
CGAATCCTGATAGGTG-1,
CGAATGGACCGTCTTG-1,
CGAATTAAGTGGACTA-1,
CGAATTACTGCTCCGG-1,
CGACAAGCACTCAGCC-1,
CGACAAGTACTCCTTA-1,
CGACAAGTGATGCGCA-1,
CGACAATCATACGCAC-1,
CGACAATTATTCTGTC-1,
CGACAATTCGTCATGT-1,
CGACATTGTATGGAGG-1,
CGACCAAGGTGAGCCG-1,
CGACCAGAACTGTCAT-1,low
CGACCAGAAGGATCCG-1,
CGACCAGATTCAGTGA-1,
CGACCAGCCTTGATTA-1,
CGACCTATACTGACGT-1,
CGACCTATCTCGCAAG-1,
CGACCTGCATCTGCAT-1,
CGACCTTGGCGTTCTA-1,
CGACGCAACATGGCGA-1,
CGACGCAGCCTTAGTC-1,
CGACGCCAAGGTGCAA-1,
CGACGCCAGAGGAACT-1,
CGACGCCGCAAGTAGC-1,
CGACGCCGGAGTTGAG-1,
CGACTAAGCGGCAGAC-1,
CGACTAATCGGCTCCT-1,
CGACTAATGTTAGGCT-1,
CGACTAGGAGATAAGC-1,
CGACTATCAAGCCGAC-1,
CGACTATCTTCGAGCG-1,
CGACTATTGGTACTAT-1,
CGACTGAACGAATGCT-1,
CGACTTAGCGCTATCT-1,low
CGACTTCACTCGGCAT-1,
CGACTTCGCAAGCGGT-1,
CGACTTGCACGCCTGC-1,
CGAGAACGACAAGACC-1,
CGAGATGCCGCATCTT-1,
CGAGATGCGGTATGCG-1,
CGAGCCTGCAAGGTTA-1,
CGAGCGAGCCACGCTA-1,
CGAGCGGCACAGTAGG-1,
CGAGCGTAATGGAGTG-1,
CGAGCGTATGCCAGCG-1,
CGAGCGTGAAGTTAGC-1,low
CGAGCGTGCATTGTGG-1,
CGAGCGTGGACTGGAA-1,
CGAGCTAAGGCCTGTA-1,
CGAGCTATGTCCTCGC-1,
CGAGCTTAGAATACCT-1,
CGAGGAACGCTGTCCA-1,
CGAGGAAGACTTAGAT-1,
CGAGGAAGGCAGAAGG-1,
CGAGGACGTAATAGGC-1,
CGAGGAGCATGCTATG-1,
CGAGGAGCGTTCGTTA-1,
CGAGGAGTCTAAGGAT-1,
CGAGGATTCGATCATA-1,
CGAGGCATCCAAGTCC-1,low
CGAGTCAACAATCTGG-1,
CGAGTCATCCGCACCA-1,
CGAGTCCATGTCAACA-1,
CGAGTCCGTTGGAACT-1,
CGAGTCGCGTAGACAT-1,
CGAGTCTTGTACTGCC-1,
CGAGTGCGGCTCGTGG-1,
CGATAACTCCTTATGC-1,low
CGATAAGAATTCCAGT-1,
CGATAAGGATAGGCAA-1,
CGATAAGGTGCCTGAC-1,low
CGATGACCAGATCTGT-1,
CGATGACCTCATCCTC-1,
CGATGAGGCCAACGTA-1,
CGATGATATTAGGCCG-1,
CGATGATCAGCTATAA-1,
CGATGATCCTGCAGCC-1,
CGATGCACCAGGCCTC-1,
CGATGCCGACCGTGAC-1,
CGATGCCTGCTCACCG-1,
CGATGTCCGACTACAG-1,low
CGATTAACTAATCTTA-1,
CGATTGGAACAGGCCA-1,
CGCAACCATGCACCGA-1,
CGCAAGTAGAGCTTGA-1,
CGCAATGTATCCAATG-1,
CGCACGCAGCCGTTAT-1,
CGCACGCAGGTAAGTC-1,
CGCACGCATAATGGTG-1,
CGCACGGCTGTCAGGT-1,
CGCACGTAGCATTGTT-1,
CGCACGTATGAAGGCC-1,low
CGCACGTGACTGTTGG-1,
CGCACTAACTACCGGT-1,
CGCACTCACCAGCACG-1,
CGCACTGTGAGCCTGT-1,
CGCACTTAAGGCATGC-1,
CGCAGACACTGGCGTA-1,
CGCAGAGCAGTCCGAG-1,
CGCAGATAGATGTTCT-1,
CGCAGATATGGACAGT-1,
CGCAGATTCGACCGAA-1,
CGCATCCTGTTGTAGC-1,
CGCATCTTGACTTAGT-1,
CGCATGAGGAGCGTCT-1,
CGCATGGAATTCACGA-1,
CGCCAACCTGGCGAAT-1,
CGCCACAATAGCTCAA-1,
CGCCACATGCGTCCAA-1,
CGCCACCTGGAAGACA-1,
CGCCATGAGGCGATGA-1,
CGCCGATTGTCCTTCG-1,
CGCCGGACTAGGTACA-1,
CGCCGGATCATTAGAC-1,
CGCCGGTATCTAGCAC-1,
CGCCTAACTTGATGGT-1,
CGCCTAGAGCGTGGAG-1,
CGCCTATTGCCTCGCC-1,
CGCCTCGAGCCACTCG-1,
CGCCTCGATAATGCGG-1,
CGCCTCGGAACTGTGC-1,low
CGCCTCGGCTACTCGC-1,
CGCCTCGTACGAAGGC-1,
CGCCTCGTAGTCGTGA-1,
CGCCTCTAATTCGCGG-1,
CGCCTCTACTCGGAAC-1,
CGCCTCTGACTATTGT-1,
CGCCTTAAGGTACGCT-1,
CGCCTTACGAGTAGCG-1,
CGCCTTAGCGGCCTCC-1,
CGCCTTAGGATCGGCA-1,
CGCCTTATCTTGGCGA-1,
CGCCTTGACGTGAATC-1,
CGCCTTGTGAAGTCTA-1,
CGCTAATTACATTAGG-1,low
CGCTACTCAGCCATAG-1,
CGCTAGACTTCATCAC-1,
CGCTAGATGTATTCTA-1,
CGCTAGCCGCATGCAT-1,
CGCTATAGCGATCGCC-1,
CGCTATAGTCTTCATC-1,
CGCTATGGTTGGTTAA-1,
CGCTATTAATCTATAA-1,
CGCTATTATGATACGT-1,
CGCTCGCAATTGGCGA-1,
CGCTCGGTACTGCGAA-1,
CGCTCGTTATAGATCT-1,
CGCTGACGGCACATGA-1,
CGCTGCAATCGCTGTT-1,
CGCTGCAATTAGGCGT-1,low
CGCTGCGAGTCCACAT-1,
CGCTGCGGTTGAGTAG-1,
CGCTGCTATGACAGAC-1,
CGCTGCTTCGCATACT-1,
CGCTGTGACATAGGCA-1,
CGCTTAGAATTCTTAC-1,
CGCTTAGGCTGAGTCC-1,
CGCTTATGGTTAGGAT-1,
CGCTTGCGTACGGCAC-1,
CGCTTGCTTGGTCTGG-1,
CGCTTGGCTTGGATCT-1,low
CGGAACCGATTGAGTC-1,
CGGACACTATGTATCA-1,
CGGACCAGCAGAATTC-1,
CGGACTGTGAGTATAG-1,
CGGAGCCATCTGGATA-1,
CGGAGCCGCAATAGCC-1,
CGGAGCGGTAAGACGC-1,
CGGAGCGTAGAATCTT-1,
CGGAGCGTCTGACAGT-1,
CGGAGCTCACTTGCAT-1,
CGGAGCTCCGATACCT-1,
CGGAGCTCTTCCAACG-1,
CGGAGGCTAGTCGGCA-1,
CGGAGGTATCCTGCTA-1,
CGGAGTAAGGTGCGGT-1,
CGGAGTAAGTGCACAT-1,
CGGAGTCTTACGTGAA-1,
CGGAGTGGCGACTAAG-1,
CGGATGTTGAACCACG-1,
CGGATTCCAGACGGTT-1,
CGGATTGCGTCTACCT-1,
CGGATTGTGCAGGAGC-1,
CGGCAACCACTAGCAT-1,
CGGCAACCTAAGTCCA-1,
CGGCAAGATGCGTCGG-1,
CGGCAATCAACGTGGA-1,
CGGCAATCGATAGCGA-1,
CGGCAATTAATTGGAC-1,
CGGCACTCCGGTTCGC-1,
CGGCACTCTAGCGGAA-1,low
CGGCATGGCCGCTTGT-1,
CGGCATTATCGCGTGG-1,
CGGCCATCAACCGGCG-1,
CGGCCTAACGATAATG-1,
CGGCCTGCGATCGATG-1,
CGGCCTGTCTGTCTGT-1,
CGGCGTTGGTTGCAGC-1,
CGGCTCGTGGAGTACT-1,
CGGCTGACCGCTCGCA-1,
CGGCTGTACATGATGT-1,
CGGCTGTCGGTATTAC-1,low
CGGCTTACGTGCACGA-1,
CGGCTTATTCGCTAAT-1,
CGGCTTCCAATAGGAA-1,
CGGCTTCCTACTGGTT-1,
CGGCTTCGATCTCCAA-1,
CGGCTTCTACGATATG-1,
CGGCTTGTGCCGGCCT-1,
CGGTAGAACGTGACTT-1,low
CGGTAGATTCCTATGC-1,low
CGGTAGGTACTCTACG-1,
CGGTAGGTCTGGCAGA-1,
CGGTAGGTTCGATTCA-1,
CGGTAGTGAGGCCGTT-1,
CGGTATAGGATGAGCG-1,
CGGTCAACGGCGGATT-1,
CGGTCAATTGGCCGAT-1,
CGGTCATGGAGGACTC-1,
CGGTCCATACTTGAGC-1,
CGGTCCATGCGACTCC-1,
CGGTCCATTACAACTA-1,
CGGTCCGGTTCTTAGC-1,
CGGTCTAGATCGAATG-1,
CGGTCTGCGGACTCTG-1,
CGGTCTGCGTATCTGG-1,
CGGTCTGCTTGAATGA-1,
CGGTCTTATCCAAGCT-1,
CGGTCTTGCTATTCTA-1,
CGGTGAACGGTTAGAT-1,
CGGTGAACTCACATTG-1,
CGGTGAACTCCACCAG-1,
CGGTGAGCATGTATAC-1,
CGGTTACCATCAACCA-1,
CGGTTAGGCCTGGACG-1,
CGGTTATCTGTCTTAA-1,
CGGTTGATTGAGCGCC-1,
CGTAACAGGTCTTGAA-1,
CGTAACATAAGTCATC-1,
CGTAACATCGTTACGG-1,
CGTAACATTCGCGATA-1,
CGTAACATTGGCTGAG-1,
CGTAACCGGTATGCTA-1,
CGTAACCTGACATCGA-1,low
CGTAAGCCGACCGCTT-1,
CGTAAGGATACGGCAC-1,
CGTACACGGCGTCTCC-1,
CGTACAGACGAGGACC-1,
CGTACAGGATTGGAAT-1,
CGTACAGGCCGCACTG-1,
CGTACAGTAAGTAATG-1,
CGTACATCACTGGATG-1,
CGTACATCGATGTCTT-1,
CGTAGCCAAGTCCGTC-1,
CGTAGCCTTGAGCAAG-1,
CGTAGTACAAGGTACT-1,
CGTAGTACGCATAATG-1,
CGTAGTCCGAGCATGA-1,
CGTAGTCGGTTATCGA-1,
CGTAGTGACTCAAGGA-1,
CGTAGTTATTGGTAGT-1,
CGTAGTTCGTTGGTAG-1,
CGTCAAGGCGGAATGT-1,low
CGTCAGAACGTTGCCG-1,
CGTCCAATCTGCGTCC-1,
CGTCCACCATTCGGTG-1,
CGTCCATAATCCGCTT-1,
CGTCCATCCTAGCATC-1,
CGTCCATCGGTACCTA-1,
CGTCCATCGTCCAATA-1,
CGTCCATGTAGCGTCT-1,
CGTCGGATCGCAGAAC-1,
CGTCGGCAGACGGTAT-1,
CGTCGGCGGTAGATCA-1,
CGTCGGTTAGCGGTGA-1,
CGTCTTGCAACTTCTG-1,
CGTGAATGGTCCTGCG-1,
CGTGAGCAATGGACAT-1,
CGTGAGCTGTTATCGT-1,
CGTGAGGAACATAGGT-1,
CGTGAGGCATAATGGA-1,
CGTGAGGCCTACAAGT-1,
CGTGAGGCTCTTGTGC-1,
CGTGCGGATTCATGTA-1,
CGTGGCTACATCCATT-1,
CGTGGCTCCTTGTCTT-1,
CGTGTACGATGATTGT-1,
CGTGTAGACACCTTCC-1,
CGTGTAGTATTCTTGG-1,
CGTGTATGAGGCCAGG-1,low
CGTGTTAACCTGAAGC-1,
CGTGTTACCATATGTA-1,
CGTGTTAGATGGTATC-1,low
CGTGTTGGACGTCTGG-1,low
CGTTACAGTGCACTCA-1,
CGTTACGTGCAGATGG-1,
CGTTCCTGTCACCGTG-1,
CGTTCTCGAGGTTCGC-1,
CGTTGGTCGTCACTGT-1,
CGTTGGTGGCGTCTGC-1,
CGTTGTGAGCAAGTGG-1,
CTAACAAGGCTCACTT-1,
CTAACAAGGTGATCAA-1,
CTAACAGTATACCGGC-1,
CTAACCTCACCGAAGA-1,
CTAACGTGAATGATGT-1,
CTAACGTTAGGCAATG-1,
CTAAGAATTGATTCAC-1,
CTAAGACCTTGGTTAA-1,
CTAAGAGGCTATGTTC-1,
CTAAGCCTAGGCTCAT-1,
CTAAGCGTGCCTGCAA-1,low
CTAAGCTCCACGATCA-1,
CTAAGCTTACAGTACG-1,
CTAAGTCAAGATCATG-1,
CTAAGTGGCCGATTAG-1,
CTAATCACTCCGAGAC-1,
CTAATCTGGCCGTGTT-1,
CTAATGACATCATTCT-1,
CTAATGAGCGAGGCTA-1,
CTAATTACGCAATGGA-1,low
CTAATTATGTTGCCGC-1,
CTACAACCGCTGTCTA-1,
CTACAGAACCAGTTGA-1,
CTACAGATCGGTCGCC-1,
CTACAGATGGTCATAC-1,
CTACAGCGTCTACACT-1,
CTACAGGTAGAATTCC-1,
CTACAGGTCGCTAAGC-1,
CTACATCTACTGGCTT-1,
CTACATGGTGACCGAA-1,
CTACCAGACCTCTTAG-1,
CTACCAGGAGACATCT-1,
CTACCATCGATGAGAA-1,
CTACCTGTAATAAGCA-1,
CTACCTGTGCGATGTA-1,
CTACCTTATCAACTGA-1,
CTACGAATCAGCCTGG-1,
CTACGAATTGGCTGGT-1,
CTACGAGCCGGACGGT-1,
CTACGAGCCTGGAGAC-1,
CTACGATGCGTCCGGC-1,
CTACGCCGCATGAATG-1,
CTACGCCTCCGCGTAT-1,
CTACGCTACATCTGTT-1,
CTACGCTTAGAAGTGC-1,
CTACTCGGCGTCTAAT-1,
CTACTGAGTGACGGAC-1,
CTACTGCTCCGACAGT-1,
CTACTTATGAACATAA-1,
CTAGACCTATCGTGCC-1,
CTAGACGATTGAGCTA-1,
CTAGATACAGACCGAG-1,
CTAGCAACCAGTGCGG-1,
CTAGCACGATCACTGT-1,
CTAGCACGCCAAGCTT-1,
CTAGCATAGAGCGAGC-1,
CTAGCATCGACTTGTT-1,
CTAGCCGAAGATGGAC-1,
CTAGCCGATTCAATGC-1,low
CTAGCGCCTAGCTTAA-1,
CTAGGACGCAAGCATT-1,
CTAGTCAGGCGACAGT-1,
CTAGTGTAGTAAGTCA-1,
CTAGTGTTCAGATCCG-1,low
CTAGTTATGTCCAAGG-1,
CTAGTTCTACATGACG-1,
CTAGTTGTGCGTCACT-1,
CTATAACCAGCAGTAT-1,
CTATAACTACGCCTGG-1,
CTATAACTCCTGGAGG-1,
CTATAGATCCACAAGC-1,
CTATAGGTTGATGCCT-1,
CTATCCATAATCGATA-1,
CTATCCATTAGCTCGA-1,
CTATCCATTGAGCCAC-1,
CTATCCGCTGCAATTG-1,
CTATCCGTACGTTGGC-1,
CTATCGAATGGTCTGT-1,
CTATCGAGATGCCTAC-1,
CTATCGATCACGATTA-1,
CTATCGATCTGCGTGA-1,
CTATCGCAGTCAATGG-1,
CTATCGGATATCGGAG-1,
CTATCGGCCGTCTGAC-1,
CTATCGGCTTAACTAG-1,
CTATCGTATCAGCGTG-1,
CTATCGTATGATAGGA-1,
CTATCGTATGGTGATG-1,
CTATCGTTACAACCTT-1,
CTATCGTTATCCGTCG-1,
CTATCGTTCCGCTCGT-1,
CTATGCAACAGAGTCG-1,
CTATGCACCAATCCAG-1,
CTATGCAGACCTCGCC-1,
CTATGCCACGAGGCTG-1,
CTATGCCATGCGGACA-1,
CTATGCCATTGGAGAA-1,
CTATGCCGTACAGCGT-1,
CTATGCCTATTGATCT-1,
CTATGTAGCGCAGATA-1,
CTATGTAGGCCGAACG-1,
CTATGTCACTTGAACC-1,
CTATGTCAGGAACCTC-1,
CTATGTCGTTCCGCTA-1,
CTATGTGCCTGGTAGG-1,
CTATGTGCCTTCAGGT-1,
CTATGTGCGGTTGACT-1,
CTATTAAGCCAGCACT-1,
CTATTACCGTCATATT-1,
CTATTAGACTAAGTGG-1,
CTATTAGCGGCTTCGT-1,
CTATTAGCTTCCATTC-1,
CTATTAGTACTGGCTC-1,
CTATTATGAGATACGA-1,
CTATTATGGCACCTCG-1,
CTATTCCGGCCGTCGG-1,
CTATTCCTTACCTAGG-1,
CTATTCGTCTTACATA-1,
CTATTCTGCAACGCAC-1,
CTATTCTGTAGGACCT-1,
CTCAACATCCAGATTG-1,
CTCAAGATACAACGGA-1,
CTCAATACAGTATTCT-1,
CTCAATACGTTAACCG-1,low
CTCAATGACCATTAAG-1,low
CTCAATGACCGTGGTA-1,
CTCAATTGGCGATTCC-1,
CTCACCAGGAATTGAC-1,
CTCACCAGTGTAAGTT-1,low
CTCACCGAGGATCCGC-1,
CTCACCGCCTGTGAGT-1,
CTCACCGCTCTAATCA-1,
CTCACCGTGACTCGGA-1,
CTCACCTGAGACTAAG-1,
CTCACCTGCCGACTAA-1,
CTCACCTGGCTTAGGT-1,
CTCACCTTAATAAGAT-1,
CTCACCTTATCTCCTT-1,
CTCACCTTCGGCGTCT-1,low
CTCACCTTCTGAAGTA-1,
CTCACCTTGGAAGAAC-1,
CTCACGAGTAGATGAG-1,
CTCACGATCTCCGGAG-1,
CTCACGTATTCAAGCG-1,
CTCACGTGAACGTATT-1,
CTCACGTTCGGTCTGC-1,
CTCAGGCACGTCAGAC-1,low
CTCAGGTCACTACAGC-1,
CTCAGGTCGTGCTCGC-1,
CTCATAATAGCACCGT-1,
CTCATAGCCAATGTCG-1,
CTCATATGATAACTAT-1,
CTCATATGTAACCGTG-1,
CTCATATGTCCGTGAC-1,
CTCATCCTCGGCAAGT-1,
CTCATCCTGGCAAGTC-1,low
CTCATCTATTCGATAC-1,
CTCCAACCTTAGCCGG-1,
CTCCAAGCGTCCTTCA-1,
CTCCAAGTGAGCCAAT-1,
CTCCAATGGTCGCAGA-1,
CTCCACATAACCTATT-1,
CTCCACGCTAGCTAGA-1,
CTCCACTGGCTAATGG-1,
CTCCAGAATATTACAT-1,
CTCCAGTGGTTCTAGG-1,
CTCCATGGCGACCAGT-1,
CTCCGCAGCCGCCTTC-1,
CTCCGGATCCTCGCTC-1,
CTCCGGCCTACAGCTT-1,
CTCCGGTTATGGCACG-1,
CTCCGGTTCAGCGGAT-1,
CTCCGTAAGGTCTGTT-1,
CTCCTACATTGTATCT-1,
CTCCTACCTCGTGGTA-1,
CTCCTACTTGAGTAAG-1,
CTCCTGTCGAAGCCAA-1,
CTCCTTATCTTAAGAC-1,
CTCCTTATGGAACCTT-1,
CTCCTTGAATTGGCTA-1,
CTCGACAGCACTCGGA-1,
CTCGACATAATTCTAT-1,
CTCGACTCCTAATGGA-1,
CTCGATGCCGTGCGTC-1,
CTCGATGCGGTGTTAA-1,low
CTCGATGTTGAACGGC-1,
CTCGATGTTGCTATGT-1,
CTCGCATACTCAACTC-1,
CTCGCTGTTCATAGAT-1,
CTCGGAAGGCCAATAA-1,
CTCGGAATTCTTGATA-1,
CTCGGACTAACGTGGC-1,
CTCGGAGCGAATCATG-1,
CTCGGAGTCTTAAGGA-1,
CTCGGATCGGAATACG-1,
CTCGGATTGAATGAGT-1,
CTCGGTCTCCAACTGC-1,
CTCGTCGCGATTAATT-1,
CTCGTGTCTTGGCCGC-1,
CTCGTTCACGACTGCA-1,
CTCGTTCTGTCACGTT-1,
CTCGTTGCACCTTAGG-1,
CTGAAGCGGTTGCCAA-1,
CTGAAGCGTGGTGAAG-1,
CTGAAGGAGCCTCACT-1,
CTGAAGGATCTGTACG-1,
CTGAAGGTGCTCGAGG-1,
CTGAAGTGCTGAACTG-1,
CTGAAGTTGCAGACAT-1,
CTGAAGTTGGATCGGC-1,
CTGAATACCAGCAACG-1,
CTGAATTCGCGTAAGG-1,
CTGACCGCCAATTAGG-1,
CTGACGTATCCGCCAC-1,
CTGACTCCGAATCTGC-1,
CTGACTCGAATTCGTG-1,
CTGACTGATTAGGCTG-1,
CTGACTGGTATGATAA-1,
CTGACTGGTCTACCTT-1,
CTGACTGTGGCCGGTT-1,
CTGAGGTTCAGGCCAA-1,
CTGATATTAGTAATCG-1,
CTGATCCAACGCACAA-1,
CTGATTAACAGCGGCC-1,low
CTGATTAACGCAAGAA-1,
CTGATTACAATGTCCA-1,
CTGATTAGGTGCCGAA-1,
CTGATTATCAATAGAC-1,
CTGATTGCTTCTAGAA-1,low
CTGCACTACACTCATT-1,
CTGCATAATGGACCGC-1,low
CTGCATTGAGCACGGA-1,
CTGCATTGAGGAGCCG-1,low
CTGCCACGTGTTAATA-1,
CTGCCGATTGCGATGT-1,
CTGCCGCTTCGGCTGC-1,
CTGCCGTGAAGTCGCA-1,
CTGCCTAGTGAATAAG-1,
CTGCCTATACATCCAT-1,
CTGCCTCCAACACCAG-1,
CTGCCTGACACGGATT-1,
CTGCCTGTGAGCCAGG-1,
CTGCGGAAGCAGGCAC-1,
CTGCGGCATGTAAGTA-1,
CTGCTCATTAGAGTGC-1,low
CTGCTTACTGTCGCGA-1,
CTGGAACAATAGACAG-1,
CTGGAAGGCAACCGGA-1,
CTGGAAGTCTAAGCTC-1,
CTGGAATAGGAATTAG-1,
CTGGAATAGTGCAAGT-1,
CTGGAATGGATAGTTC-1,
CTGGAATGGATCAGCA-1,
CTGGAATGTCCGGCCT-1,
CTGGAATTCGGCGAAC-1,low
CTGGCACTTCTGCGTC-1,
CTGGCCTGGAACAATT-1,
CTGGCCTTACCACTTA-1,
CTGGCCTTGCATTCGG-1,
CTGGCGCACTTACTGA-1,
CTGGCGCATATCCGTG-1,
CTGGCGGACAACGCAC-1,
CTGGCTGGACGCTTGG-1,
CTGGTGAGGTCTCGTC-1,
CTGGTGATCCTGAAGG-1,
CTGGTGATCGCCGTAG-1,
CTGGTGCACCATACCA-1,
CTGGTGCACGATCAAG-1,
CTGGTGCGAGAAGCTT-1,
CTGGTGCGTTCACGAG-1,
CTGGTGCTACAGTATT-1,
CTGGTGCTTATGACCA-1,
CTGGTGGCCAATAAGT-1,
CTGGTGGCCTTCCGAC-1,
CTGGTGGCTTAGACTC-1,
CTGGTTGCGTTAATTG-1,
CTGGTTGGACATCACC-1,
CTGGTTGGCTTGTTAC-1,
CTGTATCGAAGTGGAT-1,
CTGTATCTTCGCCATA-1,
CTGTATGGCTCAACAT-1,
CTGTCACTATGTGCAT-1,
CTGTCACTCGGCCTTA-1,
CTGTCAGATCGATGCG-1,low
CTGTCAGGCTTCCTAA-1,
CTGTCAGGTGGATCGT-1,
CTGTCTATCCACATCT-1,
CTGTGCAACATTGAGG-1,
CTGTGCAGATGATAAT-1,
CTGTGCGTGAGCCGTC-1,
CTGTGGCTTGTCAGCT-1,
CTGTGGTAAGCTAATA-1,
CTGTTATGGCCAGCGG-1,
CTGTTCCAGAAGCTGA-1,low
CTGTTCGTATGCACCA-1,
CTGTTCTGCTCAGGAC-1,
CTGTTGCTACTCACAG-1,
CTGTTGGATCAACGCA-1,
CTTAATACGGCTAGCA-1,
CTTACGAACTCCGTCC-1,
CTTACGACAACGATAC-1,
CTTACGCAACTCAACG-1,
CTTACGCCATGCACAG-1,
CTTACGCTACGTAAGC-1,
CTTACGGTAAGCCGAA-1,low
CTTACGTCATCCTTAT-1,
CTTAGCAACTAGGACC-1,
CTTAGCAAGGACAGCC-1,
CTTAGCACGACAGAAC-1,
CTTAGCCTAATGGTAA-1,
CTTAGCCTGTAAGACA-1,low
CTTAGCGTAGCGTGCG-1,
CTTAGCTACCATCTCA-1,
CTTAGCTACGCAAGGT-1,
CTTAGCTATCCTTGCG-1,
CTTAGCTTAGTTCTCG-1,
CTTAGCTTCGCTGACC-1,
CTTAGTAAGCCTTAGG-1,
CTTAGTAAGCGTGGCA-1,
CTTAGTAATGCAACGA-1,
CTTAGTCCTCATAAGT-1,
CTTAGTCTATCGAGAC-1,
CTTAGTCTCGACAACT-1,
CTTAGTCTGTGCATCC-1,
CTTAGTCTTATTCGGA-1,
CTTAGTCTTCGATGTC-1,
CTTAGTGCGACCTATT-1,
CTTAGTGCGTTGACGC-1,
CTTAGTGGCTAAGACG-1,
CTTAGTGGTACACGAC-1,
CTTAGTTCACCGCCAG-1,
CTTAGTTGAATCACCT-1,
CTTAGTTGCTCGTTGT-1,
CTTAGTTGGAGCGACC-1,
CTTATTCACTAGCTGG-1,
CTTATTGAGTTCTGTA-1,
CTTCAAGACGCAAGTG-1,
CTTCAAGTAACAGCTT-1,low
CTTCAAGTCGACCTTC-1,
CTTCAATCGTACTACG-1,
CTTCACAAGTTCCTCA-1,
CTTCATGCCTAGACGG-1,
CTTCATTGGATACCAC-1,
CTTCCAATTGAAGATT-1,
CTTCCACGATCCTGTA-1,
CTTCCACGCCTTCCTG-1,
CTTCCACGTCACGCCA-1,
CTTCCATAACCTTACG-1,
CTTCCGACGCACAACC-1,
CTTCCGAGACATTGAT-1,
CTTCCGTCGCTGCATC-1,
CTTCCTAGCCGATTGG-1,
CTTCCTGGTGTTGGAC-1,
CTTCGACCAAGCCGAG-1,
CTTCGACTCCAGACTG-1,low
CTTCGAGCTGCAGCCT-1,
CTTCGAGTGATGGAAT-1,low
CTTCGATAACATTGGT-1,
CTTCGATACAGTCTCC-1,
CTTCGATACTCCGACC-1,
CTTCGATATGTAGGAG-1,
CTTCGATGGACGTACC-1,
CTTCGCACCTGGCGGA-1,
CTTCGCCGCAACATTA-1,
CTTCGGCTCACTACCT-1,
CTTCGTATTAATACGG-1,
CTTCGTCAAGACTCGT-1,
CTTCGTCACCAAGAGG-1,
CTTCTACTCAAGTCGT-1,
CTTCTGAGCCAGGAAC-1,
CTTCTGAGGTCGCATA-1,
CTTCTGTACGGACATC-1,
CTTGAACCGAGTTAAT-1,
CTTGAGCCTTGTTCCA-1,
CTTGAGTCCAAGGCTG-1,
CTTGAGTCTAAGATCA-1,
CTTGAGTCTTACAGTG-1,
CTTGATGCAATCACAA-1,
CTTGCCGGAAGACGCA-1,
CTTGCGTAACAGCAGT-1,
CTTGGAACTCCACGCC-1,
CTTGGACAGGTTAGAA-1,
CTTGGACATTACAGGA-1,
CTTGGACTTGTCTGTC-1,
CTTGGAGGCCACCTGC-1,
CTTGGATCAACCGTAT-1,
CTTGGTCGGAAGTAGC-1,
CTTGGTGCAGCCTCCA-1,low
CTTGGTTAGAGTCATC-1,
CTTGTAAGCGCTTCAT-1,
CTTGTATCGTATGATT-1,low
CTTGTCAAGGCGTCAA-1,
CTTGTCAGTTCGGTAA-1,
GAACAAGGTCGAGCAA-1,
GAACAGATAACCTTAA-1,
GAACAGATCCGCTAGA-1,
GAACAGCCATGTTGCA-1,
GAACATTCGACACGTA-1,
GAACCGAACGAAGACT-1,low
GAACCTTAGTTGATTA-1,low
GAACGCCACGGTGGTT-1,
GAACGCCAGTGCATAC-1,
GAACGCTAGAAGGCTA-1,
GAACGCTTAGAACGTC-1,
GAACTAACATGTATCC-1,
GAACTAACTCTACGTG-1,low
GAACTACAAGTAGGAG-1,
GAACTACCTTATCATA-1,
GAACTATCGTCTCGTC-1,
GAACTCATAGTGAGTG-1,
GAACTCCTCATACATA-1,
GAACTCCTGGAGGCTC-1,
GAACTGTAACTCAGGC-1,
GAACTTGGTGAGGATA-1,
GAAGCGAACTGACATT-1,
GAAGCGAGAACATGGA-1,
GAAGCGATTGCCGAAT-1,
GAAGCGGCTGATCAGT-1,
GAAGCGTATCATCGTT-1,
GAAGCGTCCATAGTTG-1,
GAAGCTGCCTCGTGAG-1,
GAAGCTGTTCTACATC-1,
GAAGCTTGACGCTTAA-1,
GAAGGATGGTATACGT-1,
GAAGTAGCTGAGTCTA-1,
GAAGTCCAATCGTGTT-1,
GAAGTTCTGCAGTTCT-1,
GAATAAGGAGAACTAA-1,
GAATACAGACGAACTG-1,
GAATACCTGCCACGGC-1,
GAATACTAAGGCGAAT-1,
GAATCAATTACCGACC-1,
GAATCACCAGTGATAC-1,
GAATCATAGTCTGAAG-1,
GAATCATGAACCAGTG-1,
GAATCATTATGAGCTG-1,
GAATGACAACAGAATA-1,
GAATGACAACTAGTCA-1,
GAATGACACGACTAGG-1,
GAATGACCACGTGCAG-1,
GAATGAGTATAGACCA-1,
GAATGGCCAAGGAGGC-1,
GAATGTATTGGATCAA-1,
GAATGTCAGAATTCTG-1,
GAATGTGCCTAGCAGA-1,
GAATTAACCTTCAATT-1,
GAATTCACAACTGCAG-1,
GACAACATCATGCCGC-1,
GACAACCTAGGAGTCT-1,
GACAACGGACTCAGCT-1,
GACAACGGCGATGTTA-1,
GACAACTTAACCAACC-1,low
GACAACTTGATTGTGA-1,
GACAAGCCTCGTTAGT-1,
GACAAGCTGAATCTGG-1,
GACAAGGTGGTCCGGC-1,
GACAAGTGTTATAGGC-1,low
GACAATCTATTAGATT-1,
GACAATGACAAGCTTA-1,
GACAATTGTATGCTTC-1,
GACAGAGGTCGCTTCG-1,
GACAGCAACTCAGAAC-1,
GACAGTCACTTCGCTC-1,low
GACATCACCGTTGCGT-1,
GACATCAGATTCTTAC-1,
GACATCCTCAACCTCG-1,
GACATCCTTCATTATC-1,
GACATCTGCGGTCTTG-1,
GACATTATCTTAATCT-1,
GACCAATTGCGTCAGA-1,
GACCACATTCTTGAAT-1,
GACCACGGCGTACATA-1,
GACCACTCCTGACGTT-1,
GACCACTTACGGACAT-1,
GACCACTTAGACAGGT-1,
GACCGAAGACTGGCAG-1,
GACCGAATCTAATACG-1,
GACCGACAATAGGAAT-1,
GACCGAGGCAACGTTC-1,
GACCGGCCATGTACCG-1,
GACCGTATTAGACCGG-1,
GACCGTGAATGTAAGT-1,
GACCTGCTGTACGAAG-1,
GACCTGCTGTCGTGTA-1,
GACCTGTCGATTGCAG-1,
GACGAGAAGTTACAGA-1,
GACGAGCTGCACTCGT-1,
GACGAGTGCTGGAGAT-1,low
GACGCAGCGTCAAGTT-1,
GACGCCGAACTTCCGT-1,
GACGCCTCGTCAGAGG-1,
GACGCCTCTTGATTGT-1,
GACGCTCAACTGAGTG-1,
GACGCTCACCAACCGG-1,low
GACGCTGTACAAGGCG-1,
GACGGCTTAGGTGCGA-1,
GACGGTACCTGGCCGT-1,
GACGGTGGTTGATGTC-1,
GACGTACAGGAACGCT-1,
GACGTACTGCGTGCGG-1,
GACGTAGACTGCCGCA-1,
GACGTGGTGCTCCAGA-1,low
GACGTTCGGTCTTACC-1,
GACTACGAGTTCCATT-1,
GACTACGCCTATAGCC-1,
GACTAGATTAGCTAAC-1,
GACTAGCTTCCTTGTA-1,
GACTAGGCAGACTTGG-1,
GACTAGTAATCTTGCT-1,
GACTCGGCTTGCGGAT-1,
GACTGACAGGAACCAG-1,
GACTGAGGTGATTAAC-1,low
GACTGCCATAGAATAC-1,
GACTGCGGTCTGCGTG-1,
GACTTCATACCGCTGT-1,
GACTTGAAGCCATAGC-1,
GACTTGACGATGCTGT-1,
GACTTGCTTCTAGGAG-1,
GAGCACCATTCGCTGT-1,
GAGCAGACTAGTGGTA-1,
GAGCATCTCCAGTCTG-1,
GAGCCAAGCGCCTCAC-1,
GAGCCAAGTTACTACA-1,
GAGCCAGCTTACGGTA-1,low
GAGCCAGGTGTCAGTT-1,
GAGCCAGTATTGTCAA-1,
GAGCCTCACGTATGTA-1,
GAGCCTCCAGTACCGA-1,
GAGCGAATCGGTAGAA-1,
GAGCGATACTCCAGGC-1,
GAGCGGCAATGGAATA-1,
GAGCGGTGTTATCAAC-1,
GAGCTAACCTACTTAC-1,low
GAGCTAAGGTTGCGTT-1,
GAGCTACAAGATCAAG-1,
GAGCTACAGCTCGGTA-1,
GAGCTATCCATCACGC-1,
GAGCTGCGGTGGTAAT-1,
GAGCTTGATGGAAGCT-1,
GAGGAAGCCGATGTGA-1,
GAGGAAGGACAATGAA-1,
GAGGAAGGCAACGGCG-1,
GAGGACAGATCGCCTA-1,
GAGGACAGTGATCGGC-1,
GAGGACGAGTCCTAGT-1,
GAGGATACCAGGTACG-1,
GAGGATCCAGAACTGG-1,
GAGGATCGGTAGCATC-1,
GAGGATGAGGATCCTC-1,
GAGGATGATAGGAAGG-1,
GAGGCCACAAGGTGCA-1,
GAGGCCACTTCTAGAT-1,
GAGGCCAGCAGAGGTT-1,
GAGGCCATGGCTCGGA-1,
GAGGCGCTCCATTCCT-1,low
GAGGTAACATTCGATC-1,
GAGGTAACTAGACAGT-1,
GAGGTAACTGCGAGAC-1,
GAGGTACAACCTTCCG-1,
GAGGTATTAATAGCGG-1,low
GAGGTCACTGTAAGCT-1,
GAGGTCCAAGTAGCTA-1,
GAGGTGAGATCATTGG-1,
GAGGTGAGGATTCATT-1,
GAGGTGCATTCGGATC-1,
GAGGTGCCTCTTCGTG-1,
GAGGTGCGGCTGACCA-1,low
GAGGTGGCTCGAGGTT-1,
GAGGTGTAGCAACTCA-1,
GAGGTTAGATCGAAGA-1,
GAGTAACGTGGCTTGA-1,
GAGTAGACGCAGGCTC-1,low
GAGTAGATACGTCAAC-1,
GAGTAGATTATGGTTC-1,
GAGTAGGATGGTAGTC-1,
GAGTCACGTCCTTAGA-1,
GAGTCCACGCCTGAAG-1,
GAGTCCACTCATAACA-1,
GAGTCCTACCTCTGCA-1,
GAGTCCTCTAGCGACA-1,
GAGTCCTGTTACATCT-1,
GAGTCGAGCGTGCTTC-1,
GAGTCTATTCCAGGAC-1,
GAGTCTCGAGATAGTC-1,
GAGTCTGACTATAGAA-1,
GAGTCTGGTGAATGAG-1,
GAGTGCAGCGTCATCG-1,
GAGTGCCGCATTAGGC-1,
GAGTGCGGATACAGTC-1,
GAGTGCGTACTGTAAC-1,low
GAGTGGAGCAAGCGCA-1,
GAGTTAATCTCGTTAT-1,
GAGTTAATTCCACTGG-1,low
GAGTTACTCAATGGAA-1,
GAGTTAGCAGTAGATG-1,
GAGTTCTATCGTGCCT-1,
GAGTTGGTATTAATAG-1,
GATAAGCACGTGCGTA-1,
GATAAGTTGGCGATTA-1,
GATAATCAGCTATTGT-1,
GATACATAACGCATGT-1,
GATACCTCGCGACTGC-1,low
GATACGACTGAACAGA-1,
GATACTTCACTCAGCA-1,
GATACTTCTAGTGGAG-1,
GATAGAGTGATAAGCT-1,
GATAGATATGGTTCCG-1,
GATAGATGTTGAAGAT-1,
GATAGCTAATGGATAG-1,
GATATCACCAGCATGG-1,
GATATCCATATGAGGC-1,
GATATCTTGTGACACG-1,
GATATGCTCACGTTAC-1,
GATCACGAACGTTGAG-1,
GATCACGGCGTCTGGA-1,
GATCACGTGATAGTTC-1,
GATCACTTAACGGATT-1,
GATCATCGGTGCGTTC-1,
GATCCACCGCGTGCAA-1,
GATCCACCTTACCTTG-1,
GATCCACGAGCGTGCC-1,
GATCCATAGGATGTAA-1,
GATCCGGACATACACC-1,
GATCGGAGATACGCAG-1,
GATCGTAACATTAATA-1,
GATCGTAAGAGTCGCA-1,
GATCGTCATGCGGAGG-1,
GATCGTGGCCACAACC-1,low
GATCGTTGATGGATGC-1,
GATCGTTGGAATGACA-1,low
GATCGTTGTATCTACT-1,
GATCTATGAAGATGCG-1,
GATCTTGTCATGATCT-1,
GATGACTCTGAATCTT-1,low
GATGAGTGAACGGCTG-1,
GATGCAACTCGCGTTG-1,low
GATGCCACATTATCAC-1,
GATGCCAGACATAATG-1,low
GATGCCATCTATAACC-1,
GATGCCGACAGATATT-1,
GATGCCTAGAGTCTGT-1,low
GATGCGGTCCAGCTTA-1,
GATGGACGGCAGATGA-1,
GATGGATCGTGGAGGT-1,
GATGTAGCGAGGTCCA-1,
GATGTAGGAGTTGGCC-1,
GATGTTCTATAGGATA-1,
GATTATGTGACATGAT-1,
GATTCCAAGTCCTGTA-1,
GATTCCATACTGAACC-1,
GATTCCATTGAGTTGA-1,
GATTCCGCTATCGGCT-1,
GATTCCGCTGCAAGAT-1,
GATTCCGTCTAACGTT-1,
GATTCCGTGCGTATAC-1,
GATTCCTGCAGATCGT-1,
GATTCCTGTTCGCACC-1,
GATTCGCCATGTATCA-1,
GATTGACTCCATGCGA-1,
GATTGTCGCAACGAGG-1,
GCAACAGCCTGCTCTA-1,
GCAACAGCGTGGATCA-1,
GCAACAGCTCCTATGA-1,
GCAACAGGCCATTGAC-1,
GCAACATACATCAGCA-1,
GCAACATCAGTCAAGT-1,low
GCAACATGGTTCTTCA-1,
GCAAGAATGTTCCACC-1,
GCAAGAGTCGGTGGAC-1,
GCAAGATAGGTTAACT-1,
GCAAGCACTACCGCCA-1,
GCAAGCTTATTGACGT-1,
GCAATACATGAGGACA-1,
GCAATCAACTCCAGAT-1,low
GCAATCCTCGAGCGTT-1,
GCAATCGTGACTCCAA-1,
GCAATTAATCAACGTA-1,
GCAATTCCTATCATAC-1,
GCAATTCTGTGACAGA-1,
GCACAGCAGTCTGTAA-1,
GCACAGCTGTGGTTGA-1,
GCACAGGCTCTACCAT-1,
GCACAGTCTTGATAGA-1,
GCACATGCCGGTCTGG-1,
GCACCGAAGATGTCTA-1,
GCACCTAGCCGAATCT-1,
GCACCTAGTAATTATC-1,
GCACCTTAATCGGATA-1,low
GCACCTTACTGGCTAC-1,
GCACCTTAGCCTCGCA-1,
GCACCTTCGCGGTAGA-1,
GCACGACTGGTGCGTA-1,
GCACGAGCAGTACCGA-1,
GCACGAGCTATTGTCG-1,
GCACGAGGTCACGGAC-1,
GCACGCAACCATACCA-1,
GCACGCATAGATTGCT-1,
GCACGCATAGGCGATC-1,
GCACGCGTGACATCAG-1,
GCACGCTTCGTTGTTC-1,
GCACGGAAGGATAGTA-1,
GCACTACACTATTGCG-1,
GCACTCCGACTGGCGT-1,
GCACTCTGTTGCCATA-1,low
GCACTCTTGCTACCGA-1,
GCACTGAATATGACAG-1,
GCACTGCCTCGATGCG-1,
GCACTGGACGCAGCAC-1,
GCACTGTTGCGGCCTT-1,
GCAGACGCCTGGTTAT-1,
GCAGATACGTTGAACG-1,
GCAGATAGTTGGAGAC-1,
GCAGATCCTAATGTGG-1,
GCAGATCGGTAATTAT-1,
GCAGCCGGATGCCGCA-1,
GCAGCGACAGTTCGGT-1,
GCAGCGATCTAACGAA-1,
GCAGGCAGTGATCTAC-1,
GCAGGCCAACATCGCT-1,
GCAGGCCATTCCTGCC-1,
GCAGGCTACCGTCCTT-1,
GCAGGCTGGTTCCAAG-1,
GCAGGTCACTACCTCA-1,
GCAGGTGCTGATGCTT-1,
GCAGTACTCAACGAAG-1,
GCAGTAGATGTCCAAT-1,
GCAGTTCGGCATTAGC-1,
GCAGTTGACAATAGAA-1,
GCATAACCGAGGTGAT-1,
GCATGACGGATTATCA-1,
GCATGCGTCCTATTAA-1,
GCATGCTGAGACAGGT-1,
GCATGTCGAGTGTCTT-1,
GCATTACCTGTCAAGA-1,low
GCATTGACTACAGCGA-1,
GCATTGCTGTTCCATC-1,
GCATTGGTTACCAAGC-1,
GCCAACGAGCGGCATA-1,
GCCACGAAGGAATTCC-1,
GCCACGACCGTTAAGT-1,
GCCACGCCTTAGTACG-1,
GCCACTATAGACCATA-1,
GCCACTCCGTCACCTC-1,
GCCAGACAGACGCCTA-1,
GCCAGACATCTATCAC-1,
GCCAGGCTTAATGGCC-1,
GCCAGTAGACGATACC-1,
GCCAGTTAATTCTTGC-1,
GCCAGTTCCTCGTGCC-1,
GCCATTCTCGTGTAGA-1,
GCCATTCTTGCAACCA-1,
GCCATTGAGTGCTGCG-1,
GCCATTGATACTCAAG-1,
GCCATTGCATGTTAAC-1,
GCCATTGTAACTGATC-1,low
GCCATTGTAATGTCTT-1,
GCCGAAGATGTATTGA-1,
GCCGAATCCACGACTC-1,
GCCGAGTCCTCGTCCA-1,
GCCGATACGGTATCAG-1,
GCCGATCGAGTGAAGT-1,
GCCGATCTCGTGACTC-1,
GCCGCACTTCGTCTAT-1,
GCCGCTAGATCACCTT-1,
GCCGCTGATTGGCCAG-1,
GCCGCTTCTAAGGTGA-1,
GCCGGCAATAGGCAGG-1,
GCCGGCATTCCGCCGA-1,
GCCGGCGAACCATTGT-1,
GCCGGCGTAGGTGACG-1,low
GCCGGCGTGAACTTGC-1,
GCCGGTATGCTCATGC-1,low
GCCGTACCAGATCTAG-1,
GCCGTATGCCAGTCTT-1,
GCCGTATGCGTTATAG-1,
GCCTATAGCATACCTT-1,
GCCTCATGCGAGCAGG-1,
GCCTCCAACAGTAGCC-1,
GCCTCCGTCTACCTCG-1,
GCCTCCGTGCTGTAAT-1,low
GCCTCCTGCGGCCGTT-1,
GCCTGGAACGTCTGCT-1,
GCCTGGACCTATTGTC-1,
GCCTGGAGCAAGTTAG-1,
GCCTGGATCTGTGCTG-1,
GCCTGGTAAGGCGACT-1,
GCCTGGTACATGGTCG-1,
GCCTGGTCAGGTTGCC-1,
GCCTGTGAAGTCGGCG-1,
GCCTGTGACACCAGAA-1,
GCCTGTGATAGATTGG-1,
GCCTGTTAACGGACGA-1,
GCCTGTTAGGTTGTGA-1,
GCCTTAATTGACGGAT-1,
GCCTTCGATCAGGTCG-1,
GCCTTCGCTTATGTTC-1,
GCCTTCTGATTCCGTC-1,
GCCTTCTGTCACGCTC-1,
GCCTTGAGATCTGAGC-1,
GCCTTGCCACTTCTGA-1,
GCCTTGCCTAGTCGAT-1,
GCCTTGGCGAACAATC-1,
GCGAACAATAGAAGAC-1,
GCGAAGTTGGCGTGCA-1,
GCGAATAGTGGCTAAT-1,
GCGAATCGAGAACACG-1,
GCGAATGCAGTGTCAA-1,
GCGAATTGGCTAGCCA-1,
GCGACACTAAGCTAAG-1,
GCGACAGTGCCGCACC-1,
GCGACCTCTACGTCCA-1,
GCGACGTAGAGCGTTA-1,
GCGAGCGGACCATAAC-1,
GCGAGCGGTTGTCATG-1,
GCGAGCTAACTCCTAG-1,
GCGAGGATCGACCTTA-1,
GCGAGGTGCTACCTCG-1,
GCGAGTTGAACGTCGA-1,
GCGATCTTGCTCACGC-1,
GCGATGACCGTGTAAT-1,
GCGATGGAGCTACATT-1,
GCGATGTACTGCTATT-1,
GCGATTCTAACAGTAA-1,
GCGGAGCCTGTAACAT-1,
GCGGCAAGTGTTATGT-1,
GCGGTCCGCTGTCTCA-1,
GCGGTCCTGTAGTCTG-1,
GCGGTCGGCGTACCTT-1,
GCGGTCGTTGATCTTG-1,
GCGGTGGACATCAATC-1,
GCGGTGGCCGACGCAT-1,
GCGGTTCTGTGGACGT-1,
GCGGTTGCCTCGACGG-1,low
GCGTAACGTTACAGGT-1,
GCGTAATTCTTGCCTT-1,
GCGTACCGGAACGACA-1,
GCGTACCGGATGGCTC-1,
GCGTACCGTGTATCAG-1,
GCGTACGAATCTAATC-1,
GCGTCCAGCAATTGGC-1,
GCGTCCTCTGCCGTTG-1,
GCGTCGGAATGCTGCC-1,
GCGTCGGTCACGCCAG-1,
GCGTCTCGCAACTCAT-1,
GCGTGAACGTGACTCA-1,low
GCGTTAATAGTCAGTA-1,
GCGTTCGAGGCCACAA-1,
GCGTTCGATCTTGGCC-1,
GCTAACAGATTGGTAG-1,
GCTAACCATAGGCGTT-1,
GCTAACGTCCATTCTG-1,
GCTACATCTGTACTCA-1,
GCTACCATCCTGTAGA-1,
GCTACCTAGTCCGTTC-1,low
GCTAGTCGATAGGTGC-1,
GCTATCTGTCGCCGAG-1,
GCTATGCGTGAACGGT-1,
GCTCAACCACGGCAAC-1,
GCTCATACAATTAGAC-1,
GCTCATACCTCAGGCA-1,
GCTCATTGGTTCAACA-1,
GCTCCGAGACTACATA-1,
GCTCCGGCAACATGAT-1,
GCTCCTATGTCTTCGC-1,low
GCTCGATCGCAGCCAC-1,
GCTCGATGCTCGCATG-1,
GCTCGCATCGTCATTA-1,
GCTCGGACCTTCAAGT-1,
GCTCGGAGATGAATGT-1,
GCTCGTAACGGAGCAC-1,
GCTCGTCTGCCGCAAT-1,
GCTGAATGACCGTGAG-1,
GCTGACAGCCGGAGCG-1,
GCTGACCACGTCTTGG-1,
GCTGACCGCATCGGAT-1,
GCTGACTTGTCTCAAT-1,
GCTGAGGACAAGAAGT-1,
GCTGAGTGTTCAACCG-1,
GCTGCCGCCTATGTAG-1,
GCTGCGCAATGGAAGC-1,
GCTGCGTTATGTGGAC-1,
GCTGGATGACTCTACC-1,
GCTGTAGTGCTGTCGC-1,low
GCTGTCGCGATGGTAG-1,
GCTGTTATGGTTGCCG-1,
GCTGTTCAACCGAATA-1,
GCTGTTCATCAGCGTC-1,
GCTGTTGATAGTCTTA-1,
GCTTAATAGAGGCGAG-1,
GCTTACAGATGTGCAC-1,
GCTTACATGTTGCGCT-1,
GCTTACCTATTAATAC-1,
GCTTACCTCGTGCTAT-1,
GCTTACGCAATACTAG-1,
GCTTAGACTACCAATG-1,low
GCTTCAATGTAACACC-1,
GCTTCGATTGCGGTGC-1,low
GCTTCGCTAAGCGACC-1,low
GCTTCGCTCAAGCGAT-1,
GCTTCGGCATCAGAGT-1,
GCTTCTAAGTCTGACG-1,
GCTTCTAGCCGAACAG-1,
GCTTCTAGCGTTCATT-1,
GCTTCTCACGACCACT-1,low
GCTTCTCAGACCGCCT-1,
GCTTCTCCAGAACCGC-1,
GCTTCTGTATCGACGC-1,
GCTTCTGTTACGAGAA-1,
GCTTCTTGAATCGGTT-1,
GCTTCTTGGACGAGCG-1,
GCTTGAACTCCATCCA-1,
GCTTGAACTCGCCATG-1,
GCTTGACCTCCGCTTC-1,
GCTTGAGCTCTTGACA-1,
GCTTGCAATACAAGGC-1,low
GCTTGCCATAGTGGAT-1,
GCTTGCTCAGTGTCCG-1,
GCTTGCTTACTTAACG-1,
GCTTGGATCCAACCGG-1,
GCTTGGATGCTCGCTT-1,
GCTTGGCACTCCGTCT-1,
GCTTGGCAGCGGATCA-1,
GCTTGGCTGCGGTAAC-1,
GCTTGGTCAACCGTGG-1,
GCTTGGTGTTCGAACA-1,
GGAACAGGTGATCTCC-1,
GGAACGATAACATTAT-1,
GGAACTTCGACATGTC-1,
GGAAGAATAACTAACC-1,
GGAAGCAGTCATTCAG-1,low
GGAAGCATTAGAGGCA-1,low
GGAAGCTATGGCACAG-1,
GGAAGCTGAGATAAGG-1,low
GGAAGTCCTTGTCATC-1,low
GGAAGTCTTGTCGCAT-1,
GGAATCCTTAGACTGT-1,low
GGAATGCGCCGACAGG-1,
GGAATGGCAACTTGGA-1,
GGAATGTCTTGTGCAC-1,
GGACAGGTCGCATAAT-1,
GGACAGTGCGGCAACA-1,
GGACCACTTATCGTTC-1,
GGACCAGATAGGATGT-1,
GGACCATCACCGCCAA-1,
GGACCGATCTGGATTA-1,low
GGACCGCTTCCTGGCA-1,
GGACCGGCTAAGTAGA-1,
GGACGAGTCTGTTCAC-1,
GGACGGATCCATCTAA-1,
GGACGGCTATCGACCA-1,
GGACGGTGCAGTAGGA-1,
GGACGTACATACCAGA-1,
GGACGTACTTCGGACA-1,low
GGACGTAGCCGCGTAA-1,
GGACGTAGTGTAGAAG-1,
GGACGTCGAACGGCTT-1,
GGACGTCGAGGATTCA-1,
GGACGTCGCACGAGAA-1,
GGACGTTACGTACATC-1,low
GGACGTTAGATATTAC-1,
GGACGTTAGATTCAGG-1,
GGACGTTGGAGGTGAT-1,
GGACTCACGGTCCAAT-1,
GGACTCACTAGAGCCG-1,
GGACTCGTTCCTCGGA-1,low
GGACTCTGAACCTGAG-1,
GGAGAAGCCAAGCGCT-1,
GGAGACATGACCTAGG-1,
GGAGACTATTGTGACA-1,
GGAGATAGGAATGGTC-1,
GGAGATCCGTAGGATA-1,
GGAGATCCTGTACCAG-1,
GGAGATGCGTGCAGTA-1,
GGAGATGTGCCATAAC-1,
GGAGATTCACGACCAT-1,
GGAGCAATGCGGTGCA-1,
GGAGCACCAACTGATT-1,
GGAGCCAGTCTGCTGA-1,
GGAGCGAATTGGACGG-1,
GGAGCGAGTGTAACTT-1,
GGAGCGGCACCTCGTA-1,
GGAGGCACATAGCGTA-1,
GGAGGCTCGCACTTAC-1,
GGAGGTATTGGACACC-1,
GGAGGTCGTAGGAGCT-1,
GGAGTCCAGATAGCTT-1,
GGAGTCTAAGGCCGCT-1,
GGAGTCTAAGTGGTCC-1,
GGAGTGTCCATGTATT-1,
GGATAAGTCAGGATAG-1,
GGATAATTATGCTGGT-1,
GGATAATTCAATGCTG-1,
GGATCGAGTGTCCACT-1,
GGATCGATACCTCCGG-1,
GGATCGCTGGCATATT-1,
GGATCGGACGTCTTGT-1,
GGATCTTCTAAGCGAA-1,
GGATGGATCACTCATA-1,
GGATGTAACTAATCCG-1,
GGATTCCGACGTGATG-1,
GGATTCGATGTCCGGA-1,low
GGATTCGTGGTAATCA-1,low
GGCAAGACAATCAGCT-1,
GGCAATGCGAACTTAA-1,
GGCACGACGGACGTCG-1,
GGCACGTCCATAACCT-1,
GGCAGCCGGCACTTCC-1,
GGCAGCGTATACGACT-1,
GGCAGCTCCTGGACGG-1,low
GGCAGGAAGTCTTCTA-1,low
GGCATAATCCTATCGC-1,
GGCATAATCCTTCATG-1,
GGCATACTATTGCACT-1,
GGCATCGAACCTCATA-1,
GGCATTCCGATGCTCG-1,
GGCATTGCTAAGAATG-1,
GGCCAAGATGGATGGC-1,
GGCCAATAACGCTACA-1,
GGCCAGTAGGTATGAG-1,
GGCCATGCGTCTGTCG-1,
GGCCATGCTCCTCGTG-1,
GGCCATTAGCTAGTGG-1,
GGCCGCCAACTATTGC-1,
GGCCGGCGGTCTGTTA-1,
GGCCGGCTTCGTCAAC-1,
GGCCGTCCAGTAGGAC-1,
GGCCTGCGTTATGCCG-1,
GGCCTTCGACCAGGTA-1,
GGCCTTGGATGTTGTC-1,
GGCGACCATAGCGTTA-1,low
GGCGACCTATCTGGCG-1,
GGCGACTTCTTGATGT-1,
GGCGAGGCAGCCTACT-1,
GGCGATCGGTCTGCTC-1,
GGCGCAGGTCGCGTCT-1,
GGCGCCAAGGAGCGCT-1,
GGCGCCACCGGAGCAA-1,
GGCGCCACTCTGCGTT-1,
GGCGCCACTGAACATC-1,low
GGCGCCGTCGGACATA-1,
GGCGCCGTGGTTACAT-1,
GGCGCCTTGGCCTAAG-1,
GGCGCTAATATGCTCC-1,
GGCGCTTCACCAGCGA-1,
GGCGGAAGTCTTGTAG-1,low
GGCGGACATATTGATG-1,
GGCGGAGCACTGATAA-1,
GGCGGAGTTGAACTAT-1,
GGCGGATACAACGCAC-1,
GGCGGATATTGATTGA-1,
GGCGTCGCCGTATGAT-1,
GGCGTCGGTAGTGATA-1,
GGCGTGAACTCAACGG-1,
GGCGTGCGCTAGATTA-1,
GGCGTGGACCTTAGAT-1,
GGCGTGGCACGGCACT-1,
GGCGTGTAATTACTTA-1,low
GGCTAATGTCTAGCGT-1,
GGCTCAATCAACATGA-1,
GGCTCGATTAAGGCGG-1,
GGCTGACGCCGAATCA-1,
GGCTGCTAACTTCGCT-1,
GGCTGCTCCATAGCTG-1,low
GGCTGTGGAATAGCGT-1,
GGCTGTTCAATGTCAA-1,
GGCTTGCCATAGGCTC-1,
GGTAACTCAACACTCC-1,
GGTAAGGCGACGATGA-1,low
GGTACCACCTATACCT-1,
GGTACCAGGTAGTGTT-1,
GGTACGAAGAACTCGA-1,
GGTACGATCGACTTAA-1,
GGTACGCTTACCTGCG-1,
GGTACGGAGCATCAGC-1,
GGTACGGTATGCTCCA-1,low
GGTACGTGCCTTATCC-1,
GGTACGTGCTCGGCAA-1,
GGTACTGTGATCTTCC-1,
GGTAGCCAAGGTACTT-1,
GGTAGCCATCAATCCG-1,
GGTAGCGTACATCTGT-1,
GGTAGCTTAGCCAATC-1,
GGTAGGCCACATGCAA-1,
GGTAGGTCTGGCTAAC-1,
GGTAGGTTGTTACGGC-1,
GGTAGGTTGTTCTAAG-1,low
GGTAGTACAGGTTAGA-1,
GGTAGTACCGCAACAG-1,
GGTAGTTGAAGTCCAT-1,
GGTATGCAACAGTGGC-1,
GGTATGGTCAGGTTGG-1,
GGTATGGTTGTCCTCG-1,
GGTCACCGCATAACAA-1,
GGTCATGCTCTGCCAA-1,
GGTCCGGACGAGTGAA-1,
GGTCCTGCGAGTAGGT-1,
GGTCTACAGGCTACAA-1,
GGTCTGAAGGTTCGAA-1,
GGTCTGAAGTATGTCA-1,
GGTCTGAGATCCGCCA-1,
GGTCTGCGAACTGTAT-1,
GGTCTGGTATGTGGCC-1,
GGTCTGTATCTTGTCG-1,
GGTCTGTTCACTAATC-1,
GGTCTTATAGGCTGGC-1,
GGTCTTCCGCACATCC-1,
GGTCTTCCGGCTGGAC-1,
GGTCTTGAACCGGCCA-1,
GGTCTTGATAACGTCA-1,
GGTCTTGATTCAACCT-1,
GGTCTTGCACGTTGCG-1,
GGTGATCGTATCGTCT-1,low
GGTGATGGTACAATGG-1,
GGTGCAACCATGAGGA-1,
GGTGCACTCCGGTTCG-1,
GGTGCAGGCACCGCGT-1,
GGTGCAGTGGTCTTAT-1,
GGTGCAGTTCCATATG-1,
GGTGCATGATACGGAT-1,
GGTGCGCAACTAACGG-1,
GGTGCGTGGAGTTGGT-1,
GGTGGCTTATTGCGTG-1,
GGTGTATGTTCCGATC-1,
GGTGTCAAGCTGCACC-1,
GGTGTCACCAGCGAAC-1,
GGTGTCATACTATTAG-1,
GGTGTTATTCGATCGA-1,
GGTTACAGCCGGCCGG-1,
GGTTACCAAGGAATCT-1,
GGTTACCAGACAACAT-1,
GGTTACGGACGATTAA-1,low
GGTTAGACTCACTAGC-1,
GGTTAGACTCGGAGGT-1,
GGTTAGATGAGTCTAA-1,
GGTTAGATGCCGTTGC-1,
GGTTAGCACGCCTATG-1,
GGTTAGCTTCATGAGT-1,
GGTTAGTATGAGTGTC-1,
GGTTAGTCGGCAGCGA-1,
GGTTCAAGGCGTGCGT-1,
GGTTCAAGGTTAAGCC-1,
GGTTCACCGACTCACG-1,
GGTTCATTCCGGCCTC-1,
GGTTCTATACCGCTTG-1,
GGTTCTATCATATGGC-1,
GGTTCTCCTATCAGTT-1,
GGTTCTCGCTCACGCC-1,
GGTTCTCGTGATGTGA-1,
GGTTCTGGAGTCTACC-1,
GGTTGACCAAGACATG-1,
GGTTGACCATTGCTGT-1,
GGTTGCGATTGAACAG-1,
GGTTGCTACCGGAACA-1,
GTAACACCGAGCGTTA-1,
GTAACATACACCTGTT-1,
GTAACATCTTATAATG-1,low
GTAACCACAAGGCTGA-1,
GTAACCACCTACAACC-1,
GTAACCTAGCGTCACG-1,
GTAACGGCAGCCTACA-1,
GTAAGTAATTACAATC-1,
GTAAGTATTGCTATCG-1,
GTAAGTTGCTGGTGGA-1,low
GTAATAGTCCTAAGCC-1,
GTAATCACGCACAGCT-1,
GTAATCAGGCGGACGG-1,low
GTAATGACGGTCTACG-1,
GTAATGATCACGTAAG-1,
GTACAACTCGGCAGAA-1,
GTACAGAACAGGACTC-1,
GTACAGAACCGATTAT-1,
GTACAGAACGCAGCGT-1,
GTACAGACCGTCGGCG-1,
GTACAGATGACATCGC-1,
GTACAGCCGTTACAGA-1,
GTACAGCTGAGCCGGA-1,
GTACAGCTGTTGTCCT-1,
GTACAGGAACGAATGG-1,
GTACATAAGCTACGCC-1,
GTACCTACAATACGAA-1,
GTACCTCCTGATTCTT-1,
GTACCTGAAGTGAATG-1,
GTACCTGTCTTACTGT-1,
GTACCTTCATGTGCAA-1,low
GTACGAACAGACTAGG-1,
GTACGAAGATTATCCG-1,
GTACGAAGGATTATTG-1,
GTACGAAGGCGTCTAT-1,
GTACGAATTACATAAT-1,low
GTACGAATTCTACCAA-1,low
GTACGACAGCTCCGGA-1,
GTACGAGGTAGTGCAC-1,low
GTACGATTAGTCTACA-1,
GTACGCACTCAATTGC-1,
GTACGCCATAGATGGT-1,
GTACGCCTCGCTTCCA-1,
GTACGCTCGCCAACAT-1,
GTACGCTTGATACCAC-1,
GTACGGTTAATGCAGG-1,
GTACTACCGTTAGGTG-1,
GTACTGCATAAGGTTA-1,
GTACTTAACTTCAGCG-1,
GTACTTACTTCATACC-1,
GTACTTAGTTGCGAAT-1,
GTACTTCCATCTGGCA-1,
GTACTTCTGATCCTCG-1,
GTACTTGGTTCGCTTA-1,
GTACTTGTTATTCAAG-1,
GTAGAAGGACATCATA-1,
GTAGAAGTAAGCTGCG-1,
GTAGAATCGCACATCG-1,
GTAGACCAACTCCAAT-1,
GTAGACCAGAATACTC-1,
GTAGACCTGTCAACCA-1,
GTAGACGTGCATGTGC-1,
GTAGCACGAGCTCAAG-1,
GTAGCAGAACATGGTG-1,
GTAGCAGAAGACTCTT-1,
GTAGCAGAGCAATAGC-1,
GTAGCATAGTTACAGG-1,
GTAGCATCGAAGGTCT-1,
GTAGCCAGCTTAATTG-1,low
GTAGCCAGTGCGGTTG-1,
GTAGCCGCACTCCATC-1,
GTAGCCTAAGGTTAGT-1,
GTAGCCTCTAAGTGTA-1,
GTAGCGCCTGAACTCA-1,
GTAGCGCTCATCAGGT-1,
GTAGCGTGGCACGCAG-1,
GTAGCGTGTAGCATGT-1,
GTAGGAGCAACAGGCA-1,
GTAGGTGATAATTCAC-1,
GTAGTCAGACCAATGT-1,
GTAGTCCAGCGGACAT-1,
GTAGTCCATTGTTCGT-1,
GTAGTCCGTGTACTAA-1,
GTAGTGACATTACGAC-1,
GTAGTTGTTCATGTAG-1,
GTATAACTTGTTGCGA-1,
GTATAAGGCGTCTTCA-1,
GTATACATAAGGACTA-1,
GTATACATAGGTTGCC-1,
GTATACATTGGCTCAG-1,
GTATACGATACCTTGT-1,
GTATACGGTACACGCA-1,
GTATACGGTTAAGATA-1,low
GTATCTACAGATCTCC-1,
GTATCTAGCTACCAGC-1,
GTATCTATGAAGATGT-1,
GTATCTCAGCCTTGGT-1,
GTATCTGTCAACGGTG-1,
GTATCTGTGGCGTCTA-1,
GTATCTGTGGTCCAGC-1,
GTATGACATAAGACGG-1,
GTATGATAGTATGGAT-1,
GTATGATCACTTGACG-1,
GTATGCCTATCTTGCG-1,
GTATGCCTTACTCCAC-1,low
GTATGCGGTATCATGA-1,
GTATGCTTGCGACTAA-1,
GTATGGTGCCGGCAGG-1,
GTATGGTGGAGCGGCC-1,
GTATGTAGCAGGCATA-1,
GTATGTTAGACTGCCT-1,
GTATGTTAGTTCTACC-1,low
GTATGTTCTGGATCGC-1,
GTATTACGAGTCAATC-1,
GTATTACGGCCATTAT-1,
GTATTACGGTATTGAG-1,
GTATTAGATTGAGGTC-1,
GTATTAGGTTATCTGC-1,
GTATTATGAGTTAGCG-1,
GTATTCCAAGTTACCT-1,
GTATTCCGCTCGGATG-1,
GTATTCGTGACTTGAT-1,
GTATTCTAAGTGCTGT-1,
GTCAACAGACGCACGT-1,
GTCAACAGCATAGATT-1,
GTCAACAGCGCACCGA-1,
GTCAACAGTTAAGTGA-1,
GTCAACATAAGATAGA-1,
GTCAACATGGTGCTAT-1,
GTCAACCTGACGATAG-1,low
GTCAACTCAACTGTTA-1,
GTCACCAAGAGCGGTG-1,
GTCACCTGAGATTGGA-1,
GTCACTAAGAGGAATA-1,
GTCACTAAGCCAGCGG-1,
GTCACTACTCGCGGAG-1,
GTCACTACTTAATGGA-1,
GTCACTGAATCTCACC-1,
GTCACTGTGATAACTC-1,
GTCACTTACGTGTATG-1,
GTCACTTATCCAAGAC-1,
GTCACTTATGAATGCG-1,
GTCACTTATGTCGTAT-1,
GTCACTTCCTTCTAGA-1,
GTCACTTCTGGAGCGG-1,
GTCAGCCAACATCACG-1,
GTCAGCCATTGTGCGG-1,
GTCAGCCTAATTACGT-1,
GTCAGCCTCCGAACCT-1,
GTCAGCGATGTAATTG-1,
GTCAGCGATTGATTCA-1,
GTCAGCTAGATCGACA-1,low
GTCAGCTCAATCAAGG-1,
GTCAGCTGGTGAGGCG-1,
GTCAGGACAAGCCATG-1,
GTCAGGATCAACCAAC-1,
GTCAGGTACGTGGCAT-1,
GTCAGTAATCCAATTA-1,
GTCAGTAGGTGACCGG-1,
GTCAGTATGTCCGGCG-1,
GTCAGTGAGGATCGTT-1,
GTCAGTGCAGCGTTGT-1,low
GTCAGTGCCAGAATAA-1,
GTCAGTGCTGACAGCG-1,
GTCAGTTCTGCCTGGA-1,
GTCAGTTGGAACCACG-1,
GTCAGTTGTCGTATGT-1,
GTCATCACGTGGTTCA-1,
GTCATCACTATTGTGC-1,
GTCATCAGTAGACCAG-1,
GTCATCGTATTGGCGA-1,
GTCCAGCACGTTCAGA-1,
GTCCATCTATACAAGG-1,
GTCCGAATGCGGACAG-1,
GTCCGACAGCCGCATT-1,
GTCCGTACGGATGCTC-1,
GTCCGTCGGCATGCGT-1,
GTCCTGCTTACGGCTG-1,
GTCCTTATACATTACG-1,
GTCCTTCATCAGATCA-1,
GTCCTTCATGGATTAG-1,
GTCCTTCGGAACCTGC-1,
GTCGAACCGTTCACTC-1,
GTCGAAGTCGTGTTCT-1,
GTCGAGAACTAGACGA-1,
GTCGAGACCGTCCGTT-1,
GTCGAGTGCTCCTTCG-1,
GTCGCAACGAGCTGAC-1,
GTCGCACGCAGCCTGC-1,
GTCGCAGATTACTGCA-1,
GTCGCATGCGGTAGAT-1,
GTCGCATTACCAGGCA-1,
GTCGCTAAGTGAGGTT-1,
GTCGGCCGTTGTGAAT-1,
GTCGGCCTCCGGCATC-1,
GTCGTAGACTGACAAG-1,
GTCGTGCTAATGCCTT-1,
GTCGTGTTCATGTCAG-1,
GTCTAAGATCGGACTA-1,
GTCTAAGCGGCACGCC-1,
GTCTAATACGGCTAAG-1,
GTCTAATCGAATTGGA-1,
GTCTAGCATGGTACGT-1,
GTCTAGCGTTGTGACC-1,
GTCTAGGACAGGATAA-1,
GTCTAGTCTAGCGACG-1,
GTCTATAGAATCGAGC-1,
GTCTATCAATGGATTA-1,
GTCTATCAGTACTAAT-1,
GTCTATCCAGGACGTC-1,
GTCTATGGTGAAGAGC-1,
GTCTATGTTAATAGAA-1,
GTCTATTAAGCACTTA-1,
GTCTATTAGTGAGGCC-1,low
GTCTATTGCGAGTTAC-1,
GTCTCAATACTATGAG-1,
GTCTCATGACTAGTTG-1,
GTCTCGACTGACGAGT-1,
GTCTGAACAAGGTTAG-1,low
GTCTGAAGGCCTTAAT-1,
GTCTGATAGATTATAA-1,
GTCTGATATCTGAATT-1,
GTCTGCTCAACACCAA-1,
GTCTGTGGATCTGACG-1,
GTCTTCGATAGGTGTT-1,
GTCTTCGGTAGCTACA-1,
GTCTTGAACAATTACA-1,
GTCTTGACAATAGCAA-1,
GTCTTGACCGGAGGCC-1,
GTCTTGACTTGCTCTG-1,
GTCTTGATTGCCACCT-1,
GTCTTGCGATGAATGC-1,
GTCTTGCGGCGATTCA-1,
GTCTTGCTCAGATTAC-1,
GTCTTGCTGGACGATA-1,
GTCTTGCTTGATCCAC-1,
GTCTTGTATTGTAGAT-1,low
GTGAACATTCAACGAT-1,low
GTGAACGGTTCTAACG-1,
GTGAACTCACCAGTAT-1,
GTGAACTCGTGGTATC-1,
GTGAACTGAGTTCGGC-1,
GTGAAGATGAGTGCCT-1,
GTGAAGCCACAACCGG-1,
GTGAAGTATTGGTCAC-1,low
GTGAAGTGATCGTGCT-1,
GTGAATTAGACATTGC-1,
GTGACAAGATGCTCAT-1,
GTGACAATAGGTATGT-1,
GTGACAATTGCGATAA-1,low
GTGACACCAAGTGAAT-1,
GTGACAGCCTAGCCTC-1,
GTGACATACAGGTCCT-1,
GTGACATAGTTAGCTG-1,
GTGACATATGCTAGAT-1,
GTGACATGCAATTAAT-1,
GTGACATGTACCACCT-1,
GTGACCAGATCGAGAT-1,
GTGACCGTGGATTAGC-1,low
GTGACTATGGCATGGA-1,low
GTGACTGTCCTGGTAT-1,
GTGACTTCAACATCCG-1,
GTGACTTCCTCACGAC-1,
GTGAGCACCAGCATCC-1,
GTGAGGATCTCAGCCT-1,
GTGAGGCAGTGAGTTA-1,
GTGAGGCATTCGGTGG-1,
GTGAGGTACGCTGAGT-1,
GTGAGGTCACAGGCCA-1,
GTGAGGTTGGACGGCG-1,
GTGATCTACGAGATCC-1,
GTGATGGATTAGAACA-1,
GTGCAACGACGGTGTT-1,
GTGCAACTACTGTACG-1,
GTGCACCAATCATAAC-1,
GTGCACCGAATGTTAA-1,
GTGCACTTGTAAGCAC-1,
GTGCACTTGTTCCTGG-1,
GTGCAGAAGGTGCGAG-1,
GTGCAGCCGGTCTGCA-1,
GTGCAGGACTCCAAGG-1,
GTGCAGGCACTCTAGG-1,low
GTGCAGGCTGGACATG-1,
GTGCAGTGGTAGATTC-1,
GTGCAGTTGTGGCGCT-1,
GTGCATGGTTGAGTTC-1,
GTGCATTCCTGTGGTC-1,
GTGCATTGCAATGTTG-1,
GTGCCACCTAGCAGCC-1,
GTGCCACCTTGAGCAT-1,
GTGCCGCATCCTTCCT-1,
GTGCCGTCCTGTCAGC-1,
GTGCCTGACACGTTGG-1,
GTGCGGCATGCTCATC-1,
GTGCGTTCACGGATAA-1,
GTGCTACGTTCTAACC-1,
GTGCTCAATGCAACCT-1,
GTGCTCGCTTGATCGG-1,
GTGGAACAGAAGTCGA-1,
GTGGACCAACTAGGAG-1,
GTGGAGTACAATCAAT-1,
GTGGATAATCATAATC-1,low
GTGGATTAACAGCGGT-1,
GTGGCGACCTAATATT-1,
GTGGCGACCTTGATTC-1,
GTGGCGACTGATTAAC-1,
GTGGCGAGGAAGGCTA-1,
GTGGCGATAGGCAGAA-1,
GTGGCGATCTGCGATA-1,
GTGGCGCACCTGTTCC-1,
GTGGCGCCAACAGCTC-1,
GTGGCGCCACGCTGAG-1,
GTGGCGCCACTACGCT-1,
GTGGCGCCAGACTCGA-1,
GTGGCGCCAGCTAACC-1,
GTGGCGGTCCGGATGA-1,
GTGGCTGAATGCGAGT-1,
GTGGCTTCCTACCGTT-1,
GTGGTAAGCCTCTTCG-1,
GTGGTACTGGTTCCAA-1,
GTGGTACTGTTGTAGC-1,
GTGGTACTTGGTTGGA-1,
GTGGTAGGTCTAAGAA-1,
GTGGTCGCTCTGTAGC-1,
GTGGTTGACAAGGAGC-1,
GTGGTTGCCGCTTCAA-1,low
GTTAACAACTTCGGAT-1,
GTTAACTCCGACCACT-1,
GTTAATACGACACGCC-1,
GTTAATGGCGCAACGC-1,
GTTACAGGTACATGGC-1,
GTTAGACAATGGATGA-1,
GTTAGAGGTGTTAAGA-1,
GTTAGGAAGTATACGA-1,
GTTAGGCCTGAACATC-1,
GTTAGGTACTAACTGG-1,
GTTAGGTCCACTGGCG-1,
GTTATCCTATACTGGC-1,
GTTATGATACGATTAT-1,
GTTATGTTGCTTAGAT-1,
GTTATTCGCCGATCGC-1,
GTTATTCGGCCATTCG-1,
GTTATTCGTAACGTCC-1,
GTTATTGACCTCATTC-1,
GTTATTGCTGAATCCG-1,
GTTATTGGCATGTAGA-1,
GTTATTGTCTATTCAT-1,
GTTCATACCTTGGTTA-1,
GTTCATCTTACATTCC-1,
GTTCATTGCCTGAATA-1,
GTTCCAGTGCCTTACC-1,
GTTCCATGAATCGCAT-1,
GTTCCGAGTATGATCG-1,
GTTCCGATGAACCGGC-1,
GTTCCGGCTGAGCCGA-1,
GTTCCGGCTGCAGTCA-1,
GTTCCGTACCTCCACT-1,
GTTCCGTATGGTAACG-1,
GTTCCGTCATACGGCT-1,
GTTCCGTCTTATCTTA-1,
GTTCCTGAACCTTCAA-1,
GTTCCTTGAGGAACGC-1,
GTTCGAATCACGTACG-1,low
GTTCGAGCTCGCGAAT-1,
GTTCGCTGGTATTAGA-1,
GTTCGTAGGTAGTGAA-1,
GTTCTACTATACGAAC-1,
GTTCTACTATCATATT-1,
GTTCTACTTATGGTAG-1,
GTTCTGCGCCAAGCGA-1,
GTTCTTACTGAAGTAT-1,
GTTCTTGATCTGTTGA-1,
GTTGAACCAGGATCGC-1,
GTTGAACTACCGTTCA-1,low
GTTGAAGGAAGTCGGC-1,
GTTGAATAAGTCAGCA-1,
GTTGAATCAACCTGGC-1,low
GTTGAATGGTACAGTA-1,
GTTGAATGTCCTTCTG-1,
GTTGAATGTTGCTGCC-1,
GTTGAATTATTCGGTG-1,
GTTGAATTCATAAGAT-1,
GTTGACATGAACCAAC-1,
GTTGACGAACCAGAAC-1,
GTTGACGAATCAACTA-1,
GTTGACGCTCGATGGC-1,
GTTGACGGATAGCCAT-1,
GTTGACGTCAGATTAG-1,
GTTGACTACAACATAC-1,
GTTGACTAGAGCACGT-1,low
GTTGACTTCTATGCTG-1,
GTTGAGAATCACGGAG-1,
GTTGAGCTTCGTCCGG-1,
GTTGCAGCCGGCTTGG-1,
GTTGCCACGACAAGAA-1,
GTTGCCATCTACGCAC-1,
GTTGCCGGTGGAAGTA-1,low
GTTGCTACGTCTTAAT-1,
GTTGCTAGATCGTTGA-1,
GTTGCTAGTCCATACC-1,
GTTGCTCCTGAGATTC-1,low
GTTGCTGACTCATTCG-1,
GTTGCTTGCAATCACT-1,
GTTGGCGTGAGCGACC-1,
GTTGGTCCGCCAATCT-1,
GTTGTCCTGTGATGTA-1,
GTTGTCCTTGAGCGGT-1,
GTTGTCGAACCATGTT-1,
GTTGTCGTAATATGGA-1,
GTTGTCGTGGCATTAC-1,
TAACAGCAGGCCTTAC-1,
TAACAGGAACCGACAA-1,
TAACAGGTCCATACCA-1,
TAACAGTCTACTATGG-1,
TAACAGTTCCACTTCG-1,
TAACATGCGTGCGAAC-1,
TAACATGGCCACCTCC-1,
TAACCAAGGTGCTCTA-1,low
TAACCAGATACGCTTC-1,
TAACCGGATGGACAGG-1,
TAACCGTACCATCCTG-1,low
TAACCTACGGACTCGT-1,
TAACCTTGAGACTTCG-1,
TAACGAATCCTAGATA-1,
TAACGAATGCTCCAAT-1,
TAACGAATGGTAGTAC-1,
TAACGACCTTGCCTAT-1,
TAACGACTGGCCGTCG-1,low
TAACGAGCCGAAGGTC-1,
TAACGAGCGTCTGGCC-1,low
TAACGAGCTATCCGTC-1,
TAACGAGTTGCCAACC-1,
TAACGCATTGGTCCAA-1,
TAACGCCGAGTACACG-1,
TAACGCGGCTATAGGT-1,
TAACGCGTAATATGGC-1,
TAACGCGTCAAGCGTT-1,
TAACGCGTCCTACAAC-1,
TAACGCTAGTACGCAG-1,
TAACGCTCACATTCTA-1,
TAACGCTCATACGGCA-1,low
TAACGCTTATGCCATA-1,
TAACGCTTCGGCACTT-1,
TAACGTCACTATAATC-1,
TAACGTGATTCACTAG-1,
TAACGTGCCATAGTTA-1,
TAACGTTGCGTCGATG-1,
TAACTCCAACATGGAC-1,
TAACTCCAGGTAGGCT-1,
TAACTCCGATACGTAA-1,
TAACTTAACCTCGGTG-1,
TAACTTGCACGGCGGA-1,
TAAGAACAGGTGTAAC-1,
TAAGAATATGAGATAG-1,
TAAGACCTCAAGTGCC-1,low
TAAGATTGAGATTACA-1,
TAAGATTGCTCACTTC-1,low
TAAGATTGGCGGTCGT-1,
TAAGCAAGTAATGTGG-1,
TAAGCACGAGACCTAC-1,
TAAGCAGTAGATACTC-1,
TAAGCCACAATTGCCT-1,
TAAGCCATACGACACG-1,
TAAGCCTGGCTTCAGT-1,
TAAGCCTGTAGCGTCC-1,
TAAGCTCCTTCACGCC-1,low
TAAGGACGCCTGGTTG-1,
TAAGGATCTGAAGATA-1,
TAAGGATTGGAAGTGG-1,
TAAGGTATGAATGCTA-1,
TAAGGTCCGTGACCGT-1,
TAAGTGCTTGACGATT-1,
TAAGTGGCCGCTCACC-1,low
TAAGTGTCAAGGTGGC-1,
TAATACCATTCTAGAT-1,
TAATACCGTTAATTGC-1,
TAATAGCGCTGTACTC-1,
TAATAGGCTTGCTGAA-1,low
TAATCGACATTGTTGG-1,
TAATCGCAATGTAATA-1,
TAATCTGATAAGATGT-1,
TAATGACGAAGCGGCT-1,
TAATGATCCGGTTATT-1,
TAATGATCTACTAACC-1,
TAATGTGCACGATCTG-1,
TAATTAAGGAGTACTG-1,
TAATTACCGGTGCGAG-1,
TAATTAGCTCGATTGT-1,
TAATTCCTGCAGAAGG-1,
TAATTGACGTCGTTCC-1,
TAATTGATTCTGTCGC-1,
TACAACGGACGGCTCA-1,
TACAAGCAGATCGTTG-1,
TACAAGCATAGGCTGG-1,
TACAAGCGCCATCGGA-1,
TACAAGCGCCTCTACA-1,
TACAAGCGGAAGTACG-1,
TACAAGGTCGACAAGT-1,low
TACAAGGTTATGCGGT-1,
TACAAGTCGAATGCAA-1,
TACAAGTGGTCTGAGG-1,
TACAAGTGTCTGTCCG-1,
TACAAGTTATACGCTG-1,
TACACCAGTGCCGACA-1,
TACACCGGTATGTATC-1,
TACACCTCGTACTCCA-1,
TACACCTTGCGGCAGG-1,
TACACGAACAGCTACT-1,
TACACTCAGCGTATAA-1,
TACACTCAGTAGAATG-1,
TACACTGAATAGCAGA-1,
TACACTGCAGGTTAGA-1,
TACACTGCGTCCGGAC-1,
TACACTGTAGTCAACG-1,
TACACTGTCGAACCAA-1,
TACACTTAGTCGTGGT-1,
TACACTTCGAGGTGAC-1,
TACACTTCGCACCGAT-1,
TACAGCCTCGCATTGC-1,
TACAGTACTTAGTGTA-1,
TACAGTCTCGGCACGG-1,
TACATAGCAGACCAAG-1,
TACATATGCACCAGTG-1,
TACATCGGACAACTGG-1,
TACATCGTCAGCGGTT-1,
TACATCTAACATGTCC-1,
TACATTGAATACGATC-1,low
TACATTGAATGAACGT-1,
TACATTGACTGAGTCC-1,
TACCACAGGCCATTGC-1,
TACCAGACAACCTCAG-1,
TACCATCTCGGCCGAA-1,
TACCATGGCGCCTTGT-1,low
TACCATTGATCATTAG-1,
TACCATTGGTCTCCAA-1,
TACCATTGTCCGCCTT-1,
TACCGGACCGTTAGGT-1,low
TACCGTAGGTATAACA-1,
TACCTCAGCGGTTGAT-1,
TACCTCAGGCAACAGA-1,
TACCTGATCGATCTCG-1,
TACCTGCGGTTGTCCT-1,
TACCTGTTAACGGCCT-1,
TACCTGTTCGGTAACT-1,
TACGACCGAGCGCAAC-1,
TACGACGCGATTCAAG-1,
TACGACGTCTCATATT-1,
TACGACGTGAAGTATC-1,
TACGACTAGCCTTACC-1,
TACGACTCTGAACACT-1,
TACGAGATTGGTCTGT-1,
TACGCCAGCACCGGAA-1,
TACGCCGGAGTTCTGA-1,
TACGCCTTGCCGTGTT-1,
TACGCTCCGGTTGGTA-1,
TACGCTGATAGCAGTC-1,
TACGCTTCCGCAAGCT-1,
TACGGAACAGACGCGG-1,
TACGGAATTGAACCAA-1,
TACGGACCTCACGTAC-1,
TACGGAGGAAGCACCT-1,
TACGGAGTCAACGAAG-1,low
TACGGATCAGCCATCC-1,
TACGGATCCTTGCGAT-1,
TACGGATCTTGCGATG-1,
TACGGCCTTGTAGGAG-1,
TACGGTAGTTGCGTGA-1,
TACGGTGAGCCGATGT-1,
TACGGTTAATGTACTA-1,
TACGTAATCTAGTAAG-1,
TACGTACACCTTAAGC-1,
TACGTATCCTATCACG-1,
TACGTATCGAGGTTGT-1,
TACGTGACGGATCCAC-1,
TACGTGAGGACAACCG-1,
TACGTGATGGTAGGAT-1,
TACGTGGAGGCATGGC-1,
TACGTGGCATCATATG-1,
TACGTGTACATCCGTG-1,
TACGTGTTGCCACTGA-1,
TACGTTACTGGTAGCG-1,
TACGTTATCCAGACGC-1,
TACGTTCCACGCTCGT-1,low
TACGTTCTACCGCCAT-1,low
TACTAAGGAACATCAA-1,
TACTAGACTAGTGACA-1,
TACTAGGATCAATGGC-1,
TACTAGTACACCTAAG-1,
TACTAGTACCGGATGG-1,
TACTATGTTGAATCTT-1,
TACTCACTACTCACTC-1,low
TACTCCGAAGTAGAAT-1,
TACTCCGCCAATACAA-1,low
TACTCCTACATCAACT-1,
TACTCCTGAAGGATTA-1,low
TAGAACATGATTAACA-1,
TAGAAGTATTCAGTTG-1,
TAGAATTCAACGTGGC-1,
TAGACACCGGCGTCAA-1,
TAGACAGGAGATCATT-1,
TAGACAGGATGCAATA-1,
TAGACAGTTCAGATTA-1,low
TAGACATACGTCTAAT-1,
TAGACATATGGCGAGG-1,
TAGACATGGTTAGGTC-1,low
TAGACATTGACTTGCA-1,
TAGACCAGGATATCGG-1,
TAGACCAGGTACGATC-1,low
TAGACCATCGATTGAG-1,
TAGACCATTGCTTAGA-1,
TAGACCGAAGCAGAGC-1,
TAGACCGCGGAAGGAC-1,
TAGACCGGCCAGTACG-1,
TAGACCTGAGGAGCTG-1,
TAGACTAATATGGCGA-1,
TAGAGCAGACAGTCCA-1,
TAGAGGCGATTGATTC-1,low
TAGATGAGCCGTCATT-1,
TAGATGAGGACGCTTA-1,
TAGATGCGTGCCAGCG-1,
TAGATGCGTGGTTGAA-1,
TAGATGCTGTATCGTA-1,
TAGATGGCTGTATGCC-1,
TAGATGGTTCCTGATG-1,
TAGATGTCGAGGCCAG-1,
TAGCAATTATGGACCG-1,
TAGCAGTCGTCATGAA-1,
TAGCAGTGATTCTGTC-1,
TAGCCGCAATACCTGC-1,
TAGCCGCTGTGGCTGG-1,
TAGCCGTAGCCAGGTG-1,
TAGCGGACCACTGTTA-1,
TAGCGTACCTTGACAT-1,
TAGCGTACGGAGCGCC-1,
TAGCGTATAGCGCTAA-1,
TAGCGTCTCAAGGTGG-1,
TAGCGTCTCGGTCTAT-1,
TAGCGTGGTATTGTGC-1,
TAGCGTTATGACCTCC-1,
TAGCTACCATACTGCT-1,
TAGCTACCTGTAGGAT-1,
TAGCTAGAAGCGATCA-1,
TAGCTAGACACTGGTT-1,
TAGCTAGAGCACGCCG-1,
TAGCTATGTTGAGCAC-1,
TAGCTCGAATCGTCCG-1,
TAGCTTAAGCTGGCGT-1,
TAGGACATCAGCATGG-1,
TAGGACCAATTGCCAA-1,
TAGGACGGCCAGCCGA-1,
TAGGACTTCATGTTAT-1,
TAGGAGCCAGACTCAG-1,
TAGGAGGCGTATTGCC-1,
TAGGATGCACCGTTCA-1,
TAGGCAGGCGGACGCC-1,
TAGGCAGTGCGTAGAC-1,
TAGGCATAAGTGAGGC-1,
TAGGCATCGGAGCCTC-1,low
TAGGCATCTGCGGACC-1,
TAGGCGAGCGATCGGT-1,
TAGGCGCATATCTAAC-1,low
TAGGCTCCGGCATACA-1,
TAGGCTTATCTAGCTC-1,
TAGGTCCGTAGCCTAT-1,
TAGGTCGCCGCAACTC-1,
TAGGTCTACTCGTGAA-1,
TAGGTCTATGGATTAT-1,
TAGGTCTGCCTCTGTA-1,low
TAGGTCTTGGCTCGTC-1,
TAGTAAGCGGTGGATA-1,low
TAGTATAACCTCGACA-1,
TAGTATCCAATTACGT-1,
TAGTATTGCCGAGTTG-1,
TAGTCACTGGATAGGC-1,
TAGTGAACATGCAGAT-1,
TAGTGAATGTTCAGTG-1,
TAGTGACCGTCGATTA-1,
TAGTGACTCAATTGCT-1,
TAGTGACTCGCTCCGC-1,
TAGTGAGGACATGTTG-1,
TAGTGAGGACGCGAAT-1,
TAGTGAGGTATCGACC-1,
TAGTGAGGTGCCATCA-1,
TAGTGATGACTCCTGG-1,low
TAGTGCACATAGTCTG-1,low
TAGTGCACTATTGTCA-1,low
TAGTGCACTTGTACCG-1,
TAGTGCAGCTGGCGTC-1,
TAGTGCAGTGCGGTAG-1,
TAGTGCGTGGAGAAGT-1,
TAGTGCTGTAGCGTTG-1,
TAGTGGTTGAACCAAT-1,
TAGTTACATAGAAGAT-1,
TAGTTCAAGGTCCACG-1,
TAGTTCAATCGACCTC-1,
TAGTTCACAGGCAATG-1,
TAGTTCCGATAGAATC-1,
TAGTTCGAGTAGGAAG-1,
TAGTTCGATCCTCACG-1,
TAGTTCGTTGCTAATT-1,
TAGTTCTGTCTGATAG-1,
TAGTTGAGCCAGCCAG-1,
TAGTTGAGCGACGCTA-1,
TAGTTGAGTTCTGCAC-1,
TAGTTGGCTTAGGCCT-1,
TATCAACGAATATGAG-1,
TATCAAGGCCGCGTGG-1,
TATCAAGGCTCGTCGG-1,low
TATCAATCGCCGAGTG-1,
TATCAATGCCGCTCAC-1,
TATCACATAGCGAACT-1,
TATCACCGGCATCGTG-1,
TATCACTTCGAGCCGT-1,
TATCATGGATGTTGCC-1,
TATCCAAGCGCCGTAG-1,
TATCCAATACCGCAAT-1,
TATCCACTTGCGTATC-1,
TATCCGACGTCTAGAT-1,
TATCCGATCTTGGCGG-1,low
TATCCGGAATGAGCGG-1,
TATCCGTAAGCCAGCG-1,
TATCCTGCGGTTGATC-1,
TATCCTGGCCGGCATA-1,
TATCCTTACCACGACT-1,
TATCGGCTTCCTCGAA-1,
TATCTAATCACCTCGG-1,
TATCTAATGCATTACA-1,
TATCTAGGAGTGGACA-1,
TATCTAGTCGCATGCA-1,
TATCTAGTGAATGATC-1,
TATCTAGTGAGGTAGG-1,
TATCTAGTGCCATATT-1,
TATGAACTACGCGGTG-1,
TATGAAGCGACCGTCC-1,
TATGACAAGTGGAAGA-1,
TATGACAATGCTTGAA-1,
TATGACAGCGAGAAGC-1,
TATGACCGATGAAGTG-1,
TATGACGCCTTCCGTG-1,low
TATGACGCGTATGTCG-1,
TATGACGGAGATTGGC-1,
TATGACTCAATGATCG-1,low
TATGAGCCGCAATCCG-1,
TATGAGCGATCCATTA-1,
TATGAGGATCTACTGG-1,
TATGAGTTCCGAGTGA-1,
TATGCCACAGCCGGTG-1,
TATGCGTACCTGAGTC-1,
TATGCTCCTGGTTAGT-1,low
TATGGAGTTCTACGGC-1,low
TATGGATATGGTGCGA-1,
TATGGCAGTTCGTCTA-1,low
TATGGCCATAATAGAC-1,
TATGGCCTCACGTACA-1,
TATGTAGAGCTGATCA-1,
TATGTCATAAGCGTCG-1,
TATGTCGAGGTTGAAG-1,
TATGTCTAAGACGCAA-1,low
TATGTTAGGCCGAACC-1,
TATGTTGCAGTCTAGG-1,
TATGTTGGAGTTGTAA-1,
TATGTTGGTAGGTCGT-1,
TATTAACTTCCGCTCA-1,
TATTAAGCAGCGCCGG-1,
TATTAATAGAATGGCA-1,
TATTAATATGTCGACT-1,
TATTCCGGTTGTTAAT-1,
TATTCGACAACCGTGA-1,
TATTCGACATTACTAT-1,
TATTCGATGATCTAGT-1,
TATTCGGTGGAGATTC-1,
TATTCGTCTGCGGTGG-1,
TATTCGTGCGTTCTGG-1,
TATTCGTTAACAGGCA-1,
TATTCGTTAATGCTCC-1,
TATTCGTTATCGCCTG-1,
TATTCTAAGGCTCATC-1,
TATTCTAGAATCGGAC-1,
TATTCTCAGCGGCTGG-1,
TATTCTCCTATGATGG-1,
TATTCTCGTGCTTGGC-1,
TATTGAATCCGACTAA-1,
TATTGAATGAATGTGG-1,
TATTGAATTAAGCGTT-1,
TATTGAGCATGGACCG-1,
TATTGATCGTGATCTT-1,
TATTGATCTACTTCGG-1,
TATTGTTAACCGAGAC-1,
TCAACACCAATCATTA-1,
TCAACAGGACAGCAAC-1,
TCAACAGGCCATGCCG-1,
TCAACATGGATACAAC-1,low
TCAACCGGAGACCTCG-1,
TCAACGTCTTCGGTCC-1,
TCAAGGAACCTATTGC-1,
TCAAGGACGTTAGGAG-1,
TCAAGGCAACGCGGCT-1,
TCAAGGCCATAGCCTG-1,
TCAAGGCGTCTACTCC-1,
TCAAGGTACACGAAGA-1,low
TCAAGGTATCAACTTA-1,
TCAAGGTCTGAATATG-1,
TCAAGTGATGGTTAAT-1,
TCAATATTCCGGTTAG-1,low
TCAATCAGATGACGTG-1,
TCAATTAATAGAACCT-1,
TCAATTATACCAGAAC-1,
TCACAAGACTTAGCTT-1,
TCACAAGATGACTCGA-1,low
TCACAAGCTCGAGGCA-1,
TCACAAGGAGAACAAG-1,
TCACAGCACCAAGGTT-1,
TCACATAAGCGTTGCC-1,
TCACATAGACCTCCGT-1,
TCACATCCTGTCGCGG-1,
TCACATCCTTATACAG-1,
TCACATCCTTCTCAGT-1,
TCACATGGATAACTGT-1,
TCACATTGTCGGTGAC-1,
TCACCATAGATTGTTA-1,
TCACCGTTGCTAATGG-1,
TCACGACATCAGAAGG-1,
TCACGATACCTAGCCA-1,
TCACGCTATCCACTAC-1,
TCACGTCTAAGACTAG-1,
TCACTAACGTATAGTT-1,
TCACTACCAAGCCTGT-1,
TCACTACGACTCTGCG-1,
TCACTCCGCTCACTGG-1,
TCAGAATCCTACGGTG-1,
TCAGAATCTAATAGTC-1,
TCAGACCGGCCTGCTC-1,
TCAGATTACCAGGTTA-1,
TCAGCGCCTAGTCTTA-1,
TCAGCGTGACCTTACC-1,
TCAGCTACCAACTCCG-1,
TCAGCTAGGATGTACT-1,
TCAGCTATTAATCGCT-1,
TCAGCTCGATGACTTC-1,
TCAGCTCGCCAGGATG-1,
TCAGGAATAGAACCTG-1,low
TCAGGAGCAACGGTCG-1,low
TCAGGATACACTACAA-1,
TCAGGTCTAGTAAGCA-1,
TCAGGTTGGCCTTGGC-1,
TCAGTATGTAGGACAA-1,
TCAGTCAGCGATCAGA-1,
TCAGTCATTGCAAGTG-1,
TCAGTCCAACGGAAGT-1,
TCAGTCCGGCGATTGG-1,
TCAGTCGAAGTATCTA-1,
TCAGTCGAGCGATGAA-1,
TCAGTCGCCAAGGTTG-1,
TCAGTCGTCACTGAGC-1,
TCAGTCGTGCCGGCAG-1,
TCAGTCTGAGTGCTTG-1,
TCAGTGAAGAGTTCTA-1,
TCAGTGCCAAGTAGCA-1,
TCAGTGTAGGACGTCG-1,
TCAGTTCAGAATCTCG-1,
TCAGTTCTCCGGACCG-1,
TCAGTTGACAGTGCCA-1,low
TCAGTTGCAGTTCTTA-1,
TCAGTTGCTAAGCCTA-1,low
TCATAATTCGTGCAGA-1,
TCATAGCTTCCAGTAC-1,
TCATAGGTAGTGACGA-1,
TCATAGGTATTGCGTG-1,low
TCATAGGTGAGTCGAC-1,
TCATAGTACTAGTTCA-1,
TCATAGTAGACTCATA-1,
TCATCCACGTGGTCAC-1,
TCATCCATGCCAAGCG-1,
TCATCCGATTGAATTC-1,
TCATCCTAGGACTCGC-1,
TCATCGCTGCGTATTG-1,
TCATCGCTGTGCAACA-1,
TCATCGGCCTGTGCGG-1,
TCATCGGTCTCAGTTC-1,low
TCATCGTTATGTATCT-1,
TCATCTATCCACGATT-1,
TCATCTCATGATACGT-1,
TCATCTCCAACCACCT-1,
TCATCTCCAGCCGGTG-1,low
TCATCTGCCGCTATTC-1,
TCATCTTCCACGTATG-1,
TCATCTTCGACACCGT-1,
TCATGAGGCTTGACGC-1,
TCATGAGGTTGATATG-1,
TCATGAGTAAGACATC-1,
TCATGATTCACTCAGT-1,
TCATGATTCTGATACT-1,
TCATGCAGCGCCTTCG-1,
TCATTACGGCACAGTA-1,
TCATTCACGCGAGCTC-1,
TCATTCACTGTAATGG-1,
TCATTCTGATGGTGCG-1,
TCATTCTTGGCATCGG-1,
TCATTGATAGACTTGC-1,
TCATTGATAGGTGGAA-1,
TCATTGCAAGTGCTCA-1,
TCATTGGCGACCGACG-1,
TCATTGTTCAATGCGT-1,
TCCAACAGATGCGGCA-1,
TCCAACATGACCGGTC-1,
TCCAACGAAGATGCTT-1,
TCCAACGCGACGTTGG-1,
TCCAACGTGGTTGTTC-1,
TCCAACTAAGACTCCA-1,
TCCAACTGAATAAGGT-1,
TCCAACTGCCGCCATA-1,
TCCAACTGGCTGAAGA-1,
TCCAAGACCGCTTGAT-1,
TCCAATAACGTGCTAG-1,
TCCAATACTATCTGTT-1,
TCCAATACTGGAGCGT-1,
TCCAATCCAGATACAT-1,
TCCAATCTAACACGCA-1,
TCCAATGCAAGTATCT-1,
TCCAATGTCCACGAGC-1,
TCCAATTAGCAATCAA-1,low
TCCAATTCCTGTGCGA-1,
TCCACCAAGTGACGAA-1,
TCCACGCTGAGTACTT-1,
TCCAGAGGCAAGAACT-1,low
TCCAGAGGTCGACAGC-1,
TCCAGATCTTCGCTTA-1,
TCCAGCTCTGCTATAG-1,
TCCAGTACCGAGCGCA-1,
TCCAGTACGTGCTATG-1,
TCCAGTCACGGTGGCT-1,
TCCAGTCAGTACATTA-1,
TCCAGTGATGCGTATC-1,
TCCAGTGATTGGTGCT-1,
TCCAGTTGAAGTAGCA-1,
TCCAGTTGCGGTGCAC-1,
TCCAGTTGTACCTGTC-1,
TCCATAGCGACTCAGT-1,
TCCATCGGCTAGACGA-1,
TCCATGATGTGATCAA-1,
TCCATGCCATTCCAGC-1,
TCCATGCGTCCACCAG-1,
TCCATGCGTCGGTTAC-1,
TCCATGTCGGACCGAC-1,
TCCGAACATAGTCTGA-1,
TCCGAACCTCAACCAT-1,
TCCGAAGTGACAGGCT-1,
TCCGAATACCGAATAG-1,
TCCGAATACTCGCTGG-1,
TCCGAATAGAAGCACC-1,low
TCCGAATCATGTTGTC-1,
TCCGAATCGCAGGTTC-1,
TCCGACCGCAAGTCCT-1,
TCCGAGACAATACGCA-1,
TCCGAGTACGACTTAG-1,
TCCGATGCGTATCCGG-1,
TCCGCCAACATTGCTC-1,
TCCGCCAAGGTCCGTT-1,
TCCGCCAGTGATTAAT-1,low
TCCGCCGGTCTATTCA-1,
TCCGCCTTGTTCTGAT-1,
TCCGGCTATGCTCAGT-1,
TCCGGCTCTATGGACA-1,
TCCGGTACGTGGCCTC-1,low
TCCGGTTCCGTTCTAG-1,
TCCGTACTATCCTGCT-1,
TCCGTCACGCTAAGGT-1,
TCCGTCATAAGATGAC-1,
TCCGTCCACTCGGAGC-1,
TCCGTCGGTACAAGTT-1,
TCCGTGTCTTACATAA-1,
TCCGTGTTCTGTTCTG-1,
TCCGTTGGAGCTCACT-1,
TCCGTTGGTTCACTCG-1,
TCCTAAGCGGTTCATC-1,
TCCTAAGCTTAGGTTA-1,
TCCTAATTGCGGCCTG-1,
TCCTAATTGCTCAACG-1,
TCCTACAAGCTCGAAC-1,
TCCTACCGATCGTGGC-1,
TCCTACCGGTTCCTAG-1,
TCCTACGTAAGCCAGA-1,
TCCTAGGTATCTGATG-1,low
TCCTATCCTCGAATCA-1,
TCCTATCCTGTCAATA-1,
TCCTATGAGGATTGTT-1,
TCCTATTGACTGTTGA-1,
TCCTCAATGAGGAACG-1,
TCCTCAATGCTAAGGC-1,
TCCTCACGTGTAGACG-1,low
TCCTCAGTCGGATGCG-1,
TCCTCATCGTGCTGGA-1,
TCCTCATGGCACCGTT-1,
TCCTGAAGCGTGCACT-1,
TCCTGACAACGCTCGT-1,
TCCTGACACTTCACGG-1,
TCCTGACAGGCAGCAA-1,
TCCTGATAAGTGCCGT-1,
TCCTGATCACCGGTCC-1,
TCCTGCCGTGTCTAAG-1,
TCCTGCTACATGCAGA-1,
TCCTGGTGCGAGGCCT-1,
TCCTGGTGGCAATAGC-1,
TCCTTACTCGCAATGA-1,
TCCTTCCAACCGCAAC-1,
TCCTTGAACAGGACCA-1,
TCCTTGAACGATGGTC-1,
TCCTTGGCTCAAGAGT-1,
TCGAACAGGTTGCACG-1,
TCGAATCTTGCGTTAC-1,
TCGAATGGTTCCACGC-1,
TCGAATTAGTTACTCC-1,
TCGAATTGTACACTAT-1,low
TCGACCAATCCGGTTG-1,
TCGACGAAGAGCAAGT-1,
TCGACGAAGCAGCTCA-1,
TCGACTCAGGTTAACC-1,
TCGACTGCAATTCTCG-1,low
TCGACTTATTAATCCT-1,
TCGAGTGGTAGGTCAC-1,
TCGATAGGAGCTGCAG-1,
TCGATATTAGACATAC-1,
TCGATATTGTCCTAAC-1,
TCGATCCAACGTCCTT-1,low
TCGATCCAGTCTGTAG-1,
TCGATCGCACCTAATC-1,
TCGATCGTGAGGCGCC-1,
TCGATCGTTGTCTGAA-1,
TCGATCTAATGTTAGT-1,
TCGATCTAGCCGATTC-1,
TCGCAATAGTGACGCA-1,
TCGCAATGATAGTTCA-1,
TCGCACCTCATGTCAG-1,
TCGCACGATTCGGTGG-1,
TCGCACTCTTGGACAG-1,
TCGCACTGCTGTGCTC-1,
TCGCACTGTACGGCGA-1,low
TCGCACTTCAGTGACA-1,low
TCGCACTTGGTCCGTC-1,
TCGCCAGGCATGCCTC-1,
TCGCCGGAAGGCAGGA-1,
TCGCCGTATCATGCTT-1,
TCGCCGTTCGCCACAG-1,
TCGCCGTTGTTACAAG-1,
TCGCCTAATGACCGGT-1,
TCGCCTAGATAATTAA-1,
TCGCCTATCGACTCCT-1,
TCGCCTGACGGCCACT-1,
TCGCCTGCACGGAAGG-1,
TCGCCTGCGTGCGTGG-1,
TCGCCTGCTATCAGTC-1,
TCGCCTGGTGGATTCT-1,
TCGCCTTGTTCTGATT-1,
TCGCGACGTGGTAAGT-1,
TCGCGGAAGCACCACG-1,
TCGCGGAGTACAACCA-1,
TCGCGGAGTTAGACTT-1,
TCGCGGTAGTATGATC-1,
TCGCGGTCCGGATCAG-1,
TCGCGTGCGAATGGTT-1,
TCGCGTTACGCAGAAT-1,
TCGCTTACTCGCAAGT-1,
TCGCTTGTTCCAGTTG-1,
TCGGAACGTCTGCAAG-1,
TCGGAATCAGCCTAAC-1,
TCGGACATTCTATGAG-1,
TCGGACCAACCATACA-1,
TCGGACCAGATTCAAT-1,
TCGGACCAGGATCGCC-1,
TCGGACGGCCGAGGAA-1,
TCGGACGTTGCCTCAG-1,low
TCGGACTGCCACCTCC-1,
TCGGAGCGTTACCTCG-1,
TCGGAGCTGAGTCGGA-1,
TCGGAGGCTGTAGTTG-1,low
TCGGAGTGGTACTTGC-1,
TCGGAGTTGTCTTGTT-1,
TCGGCACTGGCGCCGA-1,
TCGGCGACCTCGCTGA-1,
TCGGCGCAGAATGTCT-1,
TCGGCGCAGATAGATA-1,
TCGGCGCTATCACGTG-1,
TCGGCGGAACATACGC-1,
TCGGCGTAAGGCCTTA-1,
TCGGTAATAGCGGTTC-1,low
TCGGTAATTACGTGGA-1,
TCGGTAGGCATCACGC-1,low
TCGGTATCGTAATTGG-1,
TCGGTATCTAGTATAC-1,
TCGGTGATCGCCGGCC-1,
TCGGTGTCAACAGGCA-1,
TCGGTGTCTAACCAAG-1,
TCGTAAGGCGTTCAGG-1,low
TCGTATACAAGACGAG-1,
TCGTATAGGAGCCTAT-1,
TCGTATCAACAGCACC-1,
TCGTATCACGTTATGA-1,
TCGTATCCTGATGCAA-1,
TCGTATCGGTCTCCTT-1,
TCGTATGCCGGACGTT-1,
TCGTATGTCGTGCCTA-1,
TCGTATTAGATCCGGT-1,
TCGTATTCTGAGTGGC-1,
TCGTCAAGCCTAATCT-1,
TCGTCAAGTCCAGGTT-1,low
TCGTCACGATGTTCGA-1,
TCGTCAGAACAGCCAG-1,
TCGTCATCGTACCAAT-1,
TCGTCCAGCATGGCTT-1,low
TCGTGCCTCGGTAGTT-1,
TCGTTAGCCAGGCCAG-1,
TCGTTAGCTTACTCAT-1,
TCTAACAAGCCAATCC-1,
TCTAACCGTGCTAGCT-1,
TCTAACTCTATGTTCT-1,
TCTACAACTGGAACTT-1,
TCTACACTAATTACTC-1,
TCTACACTCCGGCTCC-1,
TCTACACTGAGCTTCT-1,
TCTACAGCACCGAACC-1,
TCTACAGCACGTCCGA-1,
TCTACAGCTGAATCAA-1,
TCTACATGAACTATAC-1,low
TCTACATGAATCTGAT-1,
TCTACATGTCCGACTT-1,
TCTACATTCGATCGCC-1,
TCTACATTGGAGTAAT-1,
TCTACCGGTCAATAGC-1,low
TCTACTATGCTAGCTC-1,
TCTACTCCGACTCGGC-1,
TCTACTCGAGCAGAGG-1,
TCTACTCGTTCATCGC-1,
TCTACTGTCTCAATGA-1,
TCTACTTAACCGGCCT-1,
TCTACTTAGGTTCTTA-1,
TCTACTTAGTATTAGT-1,
TCTACTTCACCGTGGA-1,
TCTAGAACTTCTTGCA-1,
TCTAGAGTCTCCACGC-1,
TCTAGATAAGGTTAGC-1,
TCTAGCAGCGGATCAG-1,
TCTAGCGACACCGAGC-1,
TCTAGCGGAATGGATC-1,
TCTAGCTCCGAGGACC-1,
TCTAGCTTATTCGCCA-1,
TCTAGGACTGCCACCG-1,
TCTAGGCGGAAGGCAC-1,low
TCTAGGCTCGCACCAA-1,
TCTAGGCTTAAGACTG-1,
TCTATCCGTGTTGCCA-1,
TCTATGATCGGTGCCT-1,
TCTATTCCTTCCGGAA-1,
TCTATTCTGCATTGGC-1,
TCTATTGGCTTCGATC-1,
TCTGAGCGTAATTGTC-1,
TCTGAGTCAGATCTTG-1,
TCTGATCATAATGATT-1,
TCTGCAATTCACAAGA-1,
TCTGCAGTAGTTATGA-1,
TCTGCCTGGATGTCAG-1,
TCTGCGCTTGCAGATA-1,
TCTGCGTGCTATTCTA-1,
TCTGCGTGCTTCAGAC-1,
TCTGCGTTAGATAGGT-1,
TCTGGACGCTAAGACA-1,
TCTGGATATTAACCTA-1,
TCTGGTAATCGTCCAA-1,
TCTGGTAGTGCAGCAA-1,
TCTGGTATCTGTAGCC-1,low
TCTGGTCACTATCTGT-1,
TCTGGTCCTCCACTGT-1,low
TCTGTACCTCACTCGC-1,
TCTGTACGCTGTCCTC-1,low
TCTGTCACCGTTAATA-1,
TCTTACATTACTTCGC-1,
TCTTACCATTCTAAGC-1,
TCTTACCGCACTGAAT-1,
TCTTACCGCTCGTATG-1,
TCTTACCGGATCCGCT-1,
TCTTACGAATCAGTGC-1,
TCTTACGAGGAATAAG-1,
TCTTACGAGGCCGACA-1,low
TCTTACGGCCGCAACA-1,low
TCTTACTCTGTATGCG-1,
TCTTACTGAGACTAGT-1,
TCTTAGATGCCTCCGA-1,
TCTTAGGCCTGGCGTA-1,
TCTTAGGCGACAGTCA-1,
TCTTAGTCGCGGCAGA-1,
TCTTAGTCGTCTCGGC-1,
TCTTAGTCTGCCATCA-1,
TCTTCGAACAGCGTTA-1,
TCTTCGAATTGTATAC-1,
TCTTCGCCATTCGAAT-1,
TCTTCGTCAGACCAGG-1,
TCTTGAGCGGCAACGC-1,
TCTTGAGTCATTATAC-1,
TCTTGAGTCTCCGAAT-1,
TCTTGCACCAATCTAT-1,
TCTTGCACGGTGAGCC-1,
TCTTGCACGTCTAATG-1,
TCTTGCACTATTCAGA-1,
TCTTGCACTGGTGCTC-1,
TCTTGCAGACTGCGAG-1,low
TCTTGCATAGACAATA-1,
TCTTGCCACGTTCACT-1,
TCTTGCCATCGTTGTA-1,
TCTTGCCGGAGCCAGA-1,low
TCTTGCGGCCTTAGTG-1,
TCTTGCTCCGTCGGCA-1,
TCTTGCTGTCCTAGGC-1,
TCTTGTTATTCTTGAT-1,
TGAACCAATGTTGAGC-1,
TGAACGAATCTTAATT-1,
TGAACGGACACGTATC-1,
TGAACGGACATTGAGT-1,
TGAACGGATCTGGTAC-1,
TGAACGGATTCAAGTT-1,
TGAACTCAAGGTCGGT-1,
TGAAGATACAATCTGC-1,
TGAAGCACCGTCATGA-1,
TGAAGTATGATCGTGC-1,
TGAATACAGACTGCTC-1,
TGAATATGAGCCGGTG-1,
TGAATGCGGTTATGGA-1,
TGAATGGTGCTTCGAT-1,
TGAATGTACCTTCGTC-1,
TGAATGTTGACATCGT-1,
TGAATTATGCCGCAGT-1,
TGAATTCGTGGTATAA-1,
TGACAGTACTATTCTA-1,
TGACATTACAACGCCG-1,
TGACCAACAGATAGGT-1,
TGACCAACTTGGTCAA-1,
TGACCAAGCTGCACAT-1,
TGACCAAGTAAGGACC-1,
TGACCAATCAGCCACG-1,
TGACCACGAAGCCGAG-1,low
TGACCAGCACTCCAGC-1,
TGACCAGGCTCATGCA-1,low
TGACCAGGTATGACCT-1,
TGACCATCCATCTGCT-1,
TGACCATCCGCCACGT-1,
TGACCATGTACACTCA-1,
TGACCTCACGCACGAG-1,
TGACCTCCTTCAGATT-1,
TGACCTGTCTATCTCG-1,
TGACGCCTGCTTGTGA-1,
TGACGCTCACCAAGCC-1,
TGACGCTCGCGGTAGT-1,
TGACGCTGCAGCTCAT-1,
TGACGCTGCGATAGTA-1,
TGACGCTTACTAGACA-1,
TGACGGAGTGAGGTTA-1,
TGACGGCAGCCAGACC-1,
TGACTCCAAGTCTACC-1,
TGACTCGGCCGACCGA-1,
TGACTCGGTGTCATCG-1,
TGACTCTGCTCGCACG-1,
TGACTTAATGCGTTGG-1,
TGACTTCGGCGTAACA-1,
TGACTTGCACTCACGG-1,
TGAGAACGAGTTCTGT-1,
TGAGACAAGGACGACC-1,
TGAGACAGAAGTGCTC-1,
TGAGACCTGAGCCGAG-1,low
TGAGACGTGAACGGTC-1,
TGAGACTATTGAATCT-1,
TGAGATGCTCTAATGA-1,
TGAGCACCTCGACGTT-1,
TGAGCATAGTCTTATT-1,low
TGAGCCGCGTGATCAT-1,
TGAGCCTTGATGTATC-1,
TGAGGAATCCATAGAA-1,low
TGAGGACCACTGTTAC-1,
TGAGGTAGGACTACTG-1,
TGAGGTCGGCTCGGCT-1,
TGAGGTGCTTAAGCGA-1,
TGAGTAAGCGCAATCC-1,low
TGAGTACGCTGCTCAG-1,
TGAGTATTCTAGGACT-1,
TGAGTCGCCTCCGTCG-1,
TGAGTGACCTACTCGT-1,
TGAGTGAGATCGCTAA-1,
TGAGTGAGGCACGCCT-1,
TGAGTGCAGAGGACCA-1,
TGAGTTCGCTTGACCT-1,
TGAGTTGTCCTCGCTT-1,
TGAGTTGTTAGCACCG-1,
TGATAAGCAGTAAGAA-1,
TGATAGGAGCATCAAC-1,
TGATCCGCACTCCTTA-1,
TGATCGGACCTGGATG-1,
TGATCTTGCCTATTGT-1,
TGATGGAACTAACGAA-1,
TGATGGATGATCACGG-1,
TGATGGCCGGCATCGC-1,
TGATGGCGCAGGCTAG-1,
TGATGGCTAATCCATA-1,
TGATGGCTGCGACGAT-1,
TGATGGTTCCACTGAT-1,
TGATTAGAATGACATA-1,
TGATTCAACGACAAGG-1,
TGATTCAAGATCGAGC-1,
TGATTCACATGCAGAA-1,
TGATTCGTCTGGATCT-1,
TGCAACAGTGAAGCTC-1,
TGCAACGTTACCTGGT-1,
TGCACCGGTCACCTCC-1,
TGCACGAATGTACTAA-1,
TGCACGAGTAGAGTTA-1,
TGCACGAGTGTCAGCC-1,low
TGCACGCTCCTATCCG-1,
TGCACGGCCTGTGATA-1,
TGCACGGCTGAGACTT-1,
TGCACGGCTGGTAAGG-1,
TGCACGGTAGACGGTA-1,low
TGCACGTAGTTCGAAG-1,
TGCACGTGATTATCAA-1,
TGCACTCCAGCTACTC-1,low
TGCAGAACTATCAACT-1,
TGCAGAAGCAGTAGGC-1,
TGCAGAATCGGAGGCT-1,
TGCAGACAATACTGTT-1,
TGCAGACGAACCAGAT-1,
TGCAGAGCCTTGCCGG-1,
TGCAGAGGAAGGCCTG-1,
TGCAGAGGTCGTAATT-1,
TGCAGATGAGATCTAG-1,
TGCAGTACAACGAGTG-1,
TGCAGTCGAGCACCAA-1,
TGCAGTTATTCCACTC-1,
TGCAGTTGTCGGAGCG-1,
TGCATAAGTTCCTGAA-1,
TGCATTAATGGCCACC-1,
TGCATTCACGTGTACT-1,
TGCATTCACTTCGCCG-1,
TGCATTCGCCAGCGAT-1,
TGCATTCGCTACAATG-1,
TGCATTCGTCTACAGG-1,
TGCATTCTTACGGAGG-1,
TGCATTGATAGACATA-1,
TGCATTGCTGTCGGCG-1,
TGCCAATCCATGTCTA-1,
TGCCACAATGCTACCG-1,
TGCCACCTATTACATT-1,
TGCCACTATCAGGCAG-1,
TGCCACTCAACCGGCC-1,
TGCCACTTAAGTGATG-1,
TGCCAGATACGACTGG-1,
TGCCAGCTATTGTAGA-1,
TGCCAGGATGAGGTTC-1,
TGCCAGTGATTCGTGC-1,
TGCCAGTTATGCAGCT-1,
TGCCGAATCAAGCGTC-1,low
TGCCGACGATGAACTG-1,
TGCCGAGTTAAGAACG-1,
TGCCGGAACTTAGGCA-1,
TGCCGGCATTATAGAT-1,
TGCCTAAGTTAATTAT-1,
TGCCTACGCAGGCTGC-1,
TGCCTATCAATGCCAT-1,
TGCCTATCGGCTATGT-1,low
TGCCTATGGACTGGTC-1,
TGCCTTAGGCGTCTAT-1,
TGCGAACATATCGGCT-1,
TGCGAATTCTCCGCAC-1,
TGCGACTACGTGCGAG-1,
TGCGAGCCAGACGAAT-1,
TGCGATACGCCTCGCA-1,
TGCGATCGCAATGAGC-1,
TGCGATCGGATTCACT-1,
TGCGATCTTGCTCGAT-1,low
TGCGATGCAGGTGCGA-1,
TGCGATGTGCCTTGGC-1,
TGCGATTAGCTCCGCC-1,
TGCGCAATTGATCATA-1,
TGCGCCAGTAATGATC-1,
TGCGCCGAACGGACTC-1,
TGCGCCGATCGCGAAG-1,
TGCGCCTCTGGCTACA-1,
TGCGCCTCTTCGGCGA-1,
TGCGCTCATAGAACGA-1,
TGCGGACATTCGCCGG-1,
TGCGGACCATGGTACC-1,
TGCGGACGATACGGAC-1,
TGCGGACTCACGTGAT-1,
TGCGGACTTAACTTCC-1,
TGCGGACTTCTGTCGC-1,
TGCGGAGGCTGGACCG-1,low
TGCGGATCATCCTAGA-1,low
TGCGGATCGGATCTTA-1,
TGCGTATCTTGTACCG-1,
TGCGTCCTAAGTTCCA-1,low
TGCGTCTGGATCGGAT-1,
TGCGTGTCAGCCAGTG-1,
TGCGTGTCGGCGGATA-1,
TGCGTTAGCACGTACC-1,
TGCGTTATGTTCCGGA-1,
TGCGTTATTGTTGCGA-1,
TGCTACATCACCGGAT-1,
TGCTACGCTGCGTGGA-1,
TGCTACTTGTGGCTGG-1,
TGCTATAATGTCGCTG-1,
TGCTATCCATGTAATA-1,
TGCTATCCTAAGACGA-1,
TGCTATGGTTGCGACA-1,
TGCTATTGCGGCGTGG-1,
TGCTATTGGTAAGTTC-1,
TGCTATTGTCAAGGAG-1,
TGCTCAGATTGGTAGC-1,
TGCTCCTAACGGAAGA-1,
TGCTGTATTAGCGGTC-1,
TGCTGTCAGAACGAAG-1,
TGCTGTCTTGTTAATG-1,
TGCTGTGAAGTCAAGA-1,
TGCTGTTCTGTAGACC-1,
TGCTGTTCTTGTCCAA-1,
TGCTTACTCACCGGTC-1,
TGCTTAGCCTGTTGGT-1,
TGCTTAGCTCCTGGCT-1,low
TGCTTAGTTGACTTAC-1,low
TGCTTATGAATAAGCA-1,
TGCTTATGACGCTGGC-1,
TGCTTATGCGGTTCTG-1,
TGGAAGACGTGAGTAG-1,
TGGAAGACTAGTCTTG-1,
TGGAAGCCATAACAGT-1,
TGGAAGCTAGTAATAC-1,
TGGAAGCTCCATCGAC-1,
TGGAAGGTTCGCTTGC-1,
TGGAAGTCCGCAGTCT-1,
TGGAAGTCTGGACTAA-1,
TGGACGCCTGCGACCG-1,
TGGACTGACGTACCAC-1,
TGGACTGAGTACCTAG-1,
TGGACTTCGCGGAACT-1,
TGGAGTCGGCAAGCTC-1,
TGGAGTGAACGCGGTC-1,low
TGGAGTGATGGCTCTT-1,
TGGAGTGCTCCTGATC-1,
TGGAGTTGAGTCGACA-1,
TGGAGTTGGTGAATCA-1,
TGGATCATTGTAACGG-1,
TGGATCCAGTCACTTC-1,
TGGATCGGCCTCCATG-1,
TGGATTAGTACATTGC-1,
TGGCAAGCGACACTTA-1,
TGGCATCGATCAATTG-1,
TGGCATGCGTTCACGC-1,
TGGCATGTTCGAACAG-1,
TGGCCAACATTCTGAG-1,
TGGCCAAGCGTACAAG-1,
TGGCCAAGCTGGCACC-1,
TGGCCACTCCGCGGAC-1,
TGGCCACTCCTGAGTG-1,
TGGCCAGAATCACTTG-1,
TGGCCAGAGTATCTCC-1,
TGGCCAGATCCGGACA-1,
TGGCCGTCTATCAGGA-1,
TGGCCTGACATACTCA-1,
TGGCCTGGCACTGTGG-1,
TGGCGAATTCTATGGT-1,
TGGCGACACTCGCATC-1,
TGGCGACACTGCCGGA-1,
TGGCGACAGCACGGCC-1,low
TGGCGACATACGCTCA-1,
TGGCGAGCCACTAGCG-1,
TGGCGAGCTCCACGTG-1,
TGGCGATGAGTGGCAG-1,
TGGCTCACTCAATCAC-1,
TGGCTCCGCATCAGAT-1,
TGGCTGGACCTTAGGA-1,
TGGCTGGAGTTATTGT-1,
TGGTACAAGACACTGA-1,
TGGTACAAGACCAATC-1,low
TGGTACCAATACTTAC-1,
TGGTACCAGATTGTTA-1,low
TGGTACGGACGTAGTT-1,
TGGTACGGTCGGCGAA-1,
TGGTACGTGCTGTTGA-1,
TGGTACTGACCGCTGC-1,
TGGTACTGGTATCTTG-1,
TGGTAGACGTATTAAT-1,
TGGTAGCATCAAGTCT-1,low
TGGTAGCCAGTTGACA-1,
TGGTATGCAAGTCTAT-1,
TGGTATTAGCTAGACC-1,
TGGTATTCCTAGTCCA-1,
TGGTATTGAGTTGTAA-1,
TGGTCATCTAGGTCAT-1,
TGGTCGAGATCTGTAA-1,
TGGTCGCCGGCTTACT-1,
TGGTCTCAGAATGCAC-1,
TGGTCTGCTCAGGTTG-1,
TGGTGCACGACCTTAG-1,
TGGTGCAGACCGAAGT-1,
TGGTGCAGTACCATGC-1,
TGGTGCATTGTAATCC-1,
TGGTGCCGCTGCAACA-1,
TGGTGCCTAGCACGGC-1,
TGGTGCCTGTGGTTAC-1,
TGGTGCCTTCCGCTAA-1,
TGGTGCGAACGTGGCG-1,
TGGTGCGAATCCTGCT-1,
TGGTGCGAGGTCGTAT-1,
TGGTGCTTCTAGGCAA-1,
TGGTTGAACACGCCAA-1,
TGGTTGCCAGTGTCAA-1,
TGGTTGCCTCCGGCTT-1,
TGGTTGGATTGAGCTG-1,
TGGTTGGCGAAGCCTT-1,
TGGTTGGTATCGGCAT-1,
TGGTTGTCTATCGACA-1,
TGTAAGATCTTCACAT-1,
TGTAAGGTGAGCGACC-1,
TGTAAGTGATCAGACC-1,
TGTAATACTACACGGT-1,
TGTAATAGCCGATTAT-1,
TGTAATCATATGAGAC-1,
TGTAATCGAGACTGGC-1,
TGTAATGCACTACGAG-1,
TGTAATGCCTAACACC-1,
TGTAATTGTATCCTCG-1,
TGTACCAACTACGCAT-1,low
TGTACCAATATTAGTC-1,
TGTACCTGCAGGAACA-1,
TGTAGCCGTACATAAC-1,
TGTAGGAGCTTCAATA-1,
TGTAGGCACGTACCTC-1,
TGTAGGCAGGTCTAGC-1,
TGTAGGTCACTACATG-1,
TGTAGGTCTGAACGCA-1,
TGTAGGTTCTGGCTTA-1,
TGTATCACGGTGGAAC-1,low
TGTATCGGCGGTCGCA-1,
TGTATGATTGTAGGTG-1,
TGTATGCAGGATTCAC-1,
TGTATGCCTATCTTAT-1,low
TGTATGCTCGCCTAGT-1,
TGTATGGAACTACGCA-1,
TGTATGGTGCCAAGGT-1,
TGTATGTCGAGGAAGC-1,
TGTCAACTCATCAACG-1,
TGTCAACTTATTCAAT-1,
TGTCAAGAACTCGGCG-1,
TGTCAAGCGGATCGGT-1,
TGTCACAGACGTATCC-1,
TGTCACTAGCTCAGAC-1,
TGTCACTCCGTCAAGT-1,
TGTCAGAAGTTGTAAC-1,
TGTCAGACGAAGCACC-1,
TGTCAGATAAGGTGAC-1,
TGTCAGTGGCTTCCAT-1,
TGTCATCCAAGCTGCG-1,
TGTCATGCATGAGCAC-1,
TGTCATGTGACACGCT-1,
TGTCCATGTATGGAAT-1,
TGTCCGATAGTCACAG-1,
TGTCCGGATGGCAGTT-1,
TGTCCTCAACGTTCTA-1,low
TGTCCTTCGCCTCGTA-1,
TGTCGAGTGCGTTAGC-1,
TGTCGATTCACGTAGT-1,
TGTCGCGGAAGAGCTA-1,
TGTCGTTCATACGATA-1,
TGTCTAAGCAGACGTA-1,low
TGTCTACTAGATTGCC-1,
TGTCTGGCTTGTCTGT-1,
TGTCTGTAAGCGAACT-1,
TGTCTTGCGACTAATT-1,
TGTCTTGGAATTGGCA-1,
TGTTAAGGAAGTCTTA-1,
TGTTACCTATTGGACA-1,
TGTTCACTCACGGTAA-1,
TGTTCACTGTCTTCCT-1,
TGTTCAGAACGGTGTA-1,
TGTTCAGATAACGGTC-1,
TGTTCAGCGAGGCAGT-1,
TGTTCATAGTATGACG-1,
TGTTCATTGGTCCAAG-1,
TGTTCCTCACATTAAT-1,
TGTTCGCAACCGCCAA-1,
TGTTCGTGACCAGTAG-1,low
TGTTCTGCTCTGTCGT-1,
TGTTGGAACCTTCCGC-1,low
TGTTGGAACGAGGTCA-1,low
TGTTGGAAGCTCGGTA-1,
TGTTGGATGGACTTCT-1,low
TGTTGGCCTACACGTG-1,
